kappa,epsilon,objective,family,seeds,forward_kl_mean,forward_kl_sd,reverse_kl_mean,reverse_kl_sd,heldout_nll_mean,heldout_nll_sd,tail_probability_mean,tail_probability_sd,tail_calibration_absolute_error_mean,tail_calibration_absolute_error_sd,central_calibration_absolute_error_mean,central_calibration_absolute_error_sd,joint_mass_calibration_absolute_error_mean,joint_mass_calibration_absolute_error_sd,theta_q50_rad_mean,theta_q50_rad_sd,theta_q90_rad_mean,theta_q90_rad_sd,theta_q99_rad_mean,theta_q99_rad_sd,fitted_local_curvature_mean,fitted_local_curvature_sd,location_cosine_mean,location_cosine_sd
20,0.0,forward_kl,powerspherical,3,0.010495966099945839,0.00013363314820226467,0.009031831013909012,0.0001261233349083705,-13.872535956186406,0.0036159911605069283,6.833333221341793e-05,8.020805514988193e-06,0.0004446666644071229,3.300505026953281e-05,6.666667028791077e-07,5.773503005505225e-07,0.000445333331110002,3.259345565916039e-05,1.0712966840914635,0.00036042493050016794,1.2380707045050123,0.0003547136027854907,1.3761394132087739,0.0003549411480237085,14.406429999306427,0.00674336445409553,0.9999960217396414,1.3198001535110923e-06
20,0.0,forward_kl,spcauchy,3,0.00986599395940767,0.00014310367176546083,0.01147675705412044,0.00021450476469075214,-13.873165928326943,0.003368693714954247,0.0018786666526769598,4.0451617274877184e-05,0.001365666656056419,4.50925063394024e-05,7.000000285491599e-06,5.999999928008037e-06,0.0013726666563419105,4.206345140731725e-05,1.0655246839596715,8.610941752959674e-05,1.276285528130339,0.00035278508410937375,1.464082338513838,0.001209389015946025,30.038274709912304,0.01855777861344403,0.9999961712315756,1.0284843253784134e-06
20,0.0,forward_kl,vmf,3,4.339187447231139e-05,2.215055394026974e-05,4.43611542592727e-05,1.4735182757671657e-05,-13.882988530411879,0.0034992784182657243,0.0005243333289399743,2.5166036569491084e-06,2.3999979021027684e-05,1.4177450138712862e-05,1.9999998812636477e-06,9.999999406318287e-07,2.5999978902291332e-05,1.5132749037474082e-05,1.0665063164074018,0.00045281040328723444,1.2533865477414607,0.000623955392975268,1.4152033457191824,0.0004951043048909874,20.016941599012537,0.016816647185750096,0.9999961049518511,1.1421573891261539e-06
20,0.0,reverse_kl,powerspherical,3,0.010538860963984981,0.0001426783714763834,0.009009407255742103,9.669409308958813e-05,-13.872493061322366,0.0036132265228158876,6.433333449725372e-05,7.505554263112024e-06,0.0004486666621232871,3.329164394029767e-05,6.666667028791077e-07,5.773503005505225e-07,0.0004493333288261662,3.2868428024242884e-05,1.070209666962768,0.00040855227125450254,1.236821877733495,0.0004017957782682049,1.3748131864637223,0.00025207696133388647,14.462018155902443,0.009151643270477537,0.9999961266031225,1.0021808881026373e-06
20,0.0,reverse_kl,spcauchy,3,0.009872192313861581,0.00014840329277251277,0.011458618827092414,0.00021149166830251422,-13.87315972997249,0.0033679404024040955,0.0018599999990935128,4.095120947487297e-05,0.0013470000024729718,4.124321585756913e-05,7.333333428505284e-06,6.506406732759427e-06,0.001354333335901477,3.7072035295362065e-05,1.0649761198133987,0.00029105239353363334,1.2756871311545153,0.00046353191849379767,1.4634587150670615,0.001390177090016042,30.095975053590294,0.027664552484823773,0.9999969369866203,3.8668024755059954e-07
20,0.0,reverse_kl,vmf,3,4.2447807993508725e-05,1.5991766936094364e-05,4.318569360595046e-05,2.2340568538000346e-05,-13.882989474478357,0.0034945649497283753,0.0005340000110057493,1.0582997826777723e-05,3.3666661086802684e-05,2.1221070135958577e-05,1.9999998812636477e-06,9.999999406318287e-07,3.566666096806633e-05,2.2030293121913604e-05,1.0671044589319763,0.00030058478009891933,1.2540783929076345,0.00022239123109338873,1.415991788008424,0.0007034670996836612,19.982507073238143,0.01701611117599732,0.9999961472607692,1.1481513639685764e-06
20,0.01,forward_kl,powerspherical,3,0.04394823399743797,0.0006300173842876296,0.017536961299875434,0.00015422010616484037,-13.759714337070564,0.004415813506210579,8.866666757967323e-05,1.19303507757369e-05,0.005344000077457167,0.0001194112346629772,1.6666666245631252e-06,5.773502349134185e-07,0.00534566674408173,0.0001194837904542911,1.0777766867936347,0.0002138984723445486,1.2454288632233192,0.00016413390093329743,1.3842144984129152,0.0007337739372808057,14.081019755760119,0.01461267743839773,0.9999958377388382,7.785891808390849e-07
20,0.01,forward_kl,spcauchy,3,0.012515657164558143,1.1278814754050923e-05,0.010112457554953361,8.059282492093156e-05,-13.791146913903445,0.003844312205877847,0.002049333260705074,4.006665285445789e-05,0.0033833334843317666,0.00010973770753325258,6.666666725626176e-06,5.507570302879369e-06,0.003390000151057393,0.00010740591816793443,1.0697147679636358,0.0004344247410219863,1.2808653531557972,9.86161657674081e-05,1.4688381430253024,0.0008188733008170614,29.600060464461734,0.026269726040054342,0.9999961290709346,8.994657315799153e-07
20,0.01,forward_kl,vmf,3,0.013795150937496609,0.0002469274982876866,0.0048899384968792625,5.823156290180201e-05,-13.789867420130507,0.004059874339558103,0.0006186666626793643,5.033203458846698e-06,0.0048140000823574764,0.00012301641104130645,2.9999999545301157e-06,9.99999883788407e-07,0.004817000082312006,0.00012275600619485319,1.0721846787263876,0.00033925793493188016,1.259999637995882,0.0004471469207871605,1.422566704680656,0.0004616899079393294,19.690673033785078,0.0070290723255715245,0.9999959924606632,8.572001445180679e-07
20,0.01,reverse_kl,powerspherical,3,0.04527550277104594,0.0006727462913932936,0.016511266398247126,9.43436733375506e-05,-13.758387068296956,0.004449811341408995,6.866666565959652e-05,8.020805212609578e-06,0.005364000079377244,0.00012312206780418217,1.3333333299669903e-06,5.773503661876488e-07,0.005365333412707211,0.00012267590088373346,1.0713412098227975,0.0004002031712499312,1.2381113416165743,0.00039436435551856963,1.3762286954648062,0.00022053644218982798,14.404434445342359,0.009048590991097094,0.9999961167182239,9.858200120867748e-07
20,0.01,reverse_kl,spcauchy,3,0.012537782799780892,2.626808047232363e-05,0.010070900022432312,9.672991027719694e-05,-13.79112478826822,0.003843079237693618,0.0020169999916106462,5.0999922677874565e-05,0.003415666753426194,9.317926596774235e-05,7.0000001718047615e-06,5.567764144585183e-06,0.003422666753597999,9.069384750602203e-05,1.068685577174954,0.00028206967111132095,1.2797419654597524,0.0004507278353241603,1.4676706443156615,0.0013779785402529018,29.70713958105397,0.026194674991547585,0.9999968975087269,3.758697171601346e-07
20,0.01,reverse_kl,vmf,3,0.014036183594040305,0.00031515439669395096,0.004655926504055634,5.136776417579078e-06,-13.789626387473964,0.0041149648866965665,0.0005633333348669112,1.2220205990190845e-05,0.004869333410169929,0.00013219069642116777,2.3333332137553953e-06,1.5275251905825671e-06,0.004871666743383685,0.00013147387442125,1.0690959372795614,0.0002861798652115453,1.2563987410028745,0.00022035141474805332,1.4185738552749163,0.0007407433067306878,19.86769786524876,0.01629117004581752,0.9999961567912977,1.0508957994674782e-06
20,0.05,forward_kl,powerspherical,3,0.19753093798578059,0.00039261801260329456,0.0674806386230276,1.3064131743876993e-05,-13.330929062765229,0.0029068508720037148,0.0002523333338710169,9.86576414791278e-06,0.025059333517371368,4.350139846963057e-05,9.999999216840176e-07,9.99999883788407e-07,0.02506033351729305,4.3662015161677106e-05,1.1037817823823668,5.9575020602713415e-05,1.2749569418279865,0.0001750721617671815,1.416470386344619,0.000565027303446718,12.833323283130605,0.01328845839387023,0.9999953293247348,9.07358996738161e-07
20,0.05,forward_kl,spcauchy,3,0.06032151921778723,0.00021335531254713775,0.02826917504974115,0.00025836747814271673,-13.468138481533224,0.002696384815276596,0.0028280000357578197,3.803939091029585e-05,0.022483666815484565,6.652359679172648e-05,4.333333360288331e-06,5.131601489261243e-06,0.02248800014884485,7.163141606852262e-05,1.0870229589296958,0.0003860677809789304,1.299740884128013,8.726767825152563e-05,1.4883962324692124,0.0009480919029934302,27.843386603311547,0.016591749287041473,0.9999960103437072,6.661678474284439e-07
20,0.05,forward_kl,vmf,3,0.09930608754384895,0.00023437180635590182,0.03811870689064134,0.00029165255230191573,-13.429153913207164,0.002740234568216206,0.00112399998276184,2.3643186069496518e-05,0.024187666868480544,5.672200338066086e-05,2.6666666599339806e-06,2.081665912290347e-06,0.02419033353514048,5.5411048019893483e-05,1.093564219892785,0.00033609391740329985,1.2847935013791751,0.00032944240951469033,1.4501193598410325,0.000704002686956774,18.49750564535208,0.005281965091079397,0.9999957386243233,7.139001702172456e-07
20,0.05,reverse_kl,powerspherical,3,0.2225615129580091,0.00042563562795111575,0.04887804427299802,0.00012590179018384816,-13.305898487793002,0.0029074632830723337,7.933333351199205e-05,1.2897028404410467e-05,0.025232333517730392,4.6918796956492966e-05,1.6666666245631252e-06,5.773502349134185e-07,0.025234000184354954,4.635773559100517e-05,1.0749605427369544,0.0004082935182884065,1.2422344583380551,0.0004040613908257592,1.3807511779484056,0.00021306127532425364,14.222024276477669,0.00920768918746127,0.9999960743212629,9.881732755791531e-07
20,0.05,reverse_kl,spcauchy,3,0.06264641511344592,0.00031521553527118467,0.02581069383431732,0.00017254058720399344,-13.465813585637562,0.0027216639467489033,0.0023123332454512515,6.453167192631283e-05,0.022999333605791133,9.194792225931698e-05,5.3333335472416366e-06,4.509249627984499e-06,0.023004666939338374,9.639722254767871e-05,1.076327633770002,0.00026578651536628866,1.2880865692251127,0.0004434877289330739,1.4763293913887872,0.00136879887767059,28.918676010600336,0.024811936255155816,0.9999968163018104,3.810026232866839e-07
20,0.05,reverse_kl,vmf,3,0.1086177810756525,0.00028465776299331687,0.030579067192446307,2.0534735847646424e-05,-13.419842219675358,0.0029833142549527776,0.0006553333175058166,1.5275368629826957e-06,0.024656333533736568,3.467510710241652e-05,3.3333332870218633e-06,1.1547004041896601e-06,0.02465966686702359,3.3561317118460505e-05,1.0741876695960733,0.0002467123787232892,1.2623296270987423,0.00016186769715704282,1.4252128653623197,0.0007204612901192353,19.57635307886338,0.01584059535117154,0.999996138504033,9.628160319605033e-07
20,0.1,forward_kl,powerspherical,3,0.3743982390220899,0.0008296989147843046,0.15390827398296295,0.0001239224636266222,-12.84470749324325,0.0038042443211067137,0.0007779999868944287,5.291487913205411e-06,0.04952566655507932,3.7527443199232524e-05,1.6666666245631252e-06,2.0816659304948093e-06,0.049527333221703884,3.910631535318947e-05,1.1350898939813934,3.662543678995612e-05,1.310435042178937,0.0001240875837730249,1.4551775184993525,0.0005317242486069199,11.443781911623399,0.011074610991987218,0.9999955753640218,1.1213222497061209e-06
20,0.1,forward_kl,spcauchy,3,0.13956073246374806,0.0004442419715962745,0.06709284433456546,0.00043711731566962417,-13.079544999801593,0.00356237648403548,0.004225333376477162,7.946277516354584e-05,0.04607833316549659,4.561203101156946e-05,3.3333332870218633e-06,3.5118845808129295e-06,0.04608166649878361,4.445728693504233e-05,1.1094169145314627,0.00030719441482442286,1.324053027687311,0.00017380481752059926,1.5134924468076074,0.0010857822947094125,25.692447444809034,0.006735927014009484,0.9999963170644218,9.216156964993322e-07
20,0.1,forward_kl,vmf,3,0.21220352698404574,0.0005264699988583712,0.09656613406347159,0.000316403816347622,-13.006902205281298,0.003618747677446762,0.0021970000428458056,4.028643126591968e-05,0.04810666649912795,3.164226027886197e-05,1.999999957054873e-06,2.6457512399303323e-06,0.048108666499085,3.332009182233486e-05,1.1200833357596005,0.000227243851625096,1.3154242628457042,0.0002488129271903338,1.4840329255996363,0.00034947082167651855,17.09383834013651,0.003565171565255896,0.9999960276089704,9.507537640330898e-07
20,0.1,reverse_kl,powerspherical,3,0.4679649501975783,0.0008910050687260147,0.0922767837293385,0.00017222288895484092,-12.751140782067765,0.00401569904390971,9.499999820642795e-05,1.4730920651243739e-05,0.05020866654376732,3.0859073593378296e-05,1.6666666245631252e-06,5.773502349134185e-07,0.05021033321039189,3.1213506969316775e-05,1.0791638677531845,0.0004113676307204637,1.2470038216561912,0.0004099046786806614,1.3859556118151222,0.0002171056166567361,14.012513835471994,0.00929614222968336,0.9999960188289861,1.0066650820509795e-06
20,0.1,reverse_kl,spcauchy,3,0.15227312987939223,0.0006358951267767846,0.05488210332197787,0.00028757377771418543,-13.066832602385949,0.0036331988593938727,0.00266333327939113,4.804512814445353e-05,0.04764033326258262,6.429898038156073e-06,4.6666668064669165e-06,4.725815546160838e-06,0.04764499992938909,1.0536054286760717e-05,1.0837799449714896,0.000267385397865124,1.296210034792642,0.0004529237527813622,1.4847459117847766,0.0013779612257490972,28.165975474988326,0.025142964004229596,0.9999967285455277,3.87386033475222e-07
20,0.1,reverse_kl,vmf,3,0.25217938024856773,0.0007645354339390953,0.06791090834226643,2.050393395977535e-05,-12.966926352016776,0.004423385156699222,0.0007666666642762721,1.0116003834897656e-05,0.049536999877697475,5.139012998639265e-05,3.666666619513611e-06,1.5275251037528074e-06,0.04954066654431699,5.2813624048569145e-05,1.0796017900195551,0.0002456804222733587,1.2686083491583133,0.0001425772742781105,1.4322229752535138,0.0007832753054618887,19.270312527169008,0.017572286569289254,0.99999607558389,9.222431532350346e-07
20,0.2,forward_kl,powerspherical,3,0.6340023671480449,0.0017596823441829235,0.3481819752446171,0.0007173779207989408,-12.02693345886595,0.0015617355003781808,0.00437133340165019,8.615287575390301e-05,0.09557366790249944,9.033182407778484e-05,1.6666666624587378e-06,2.0816659942104314e-06,0.0955753345691619,9.017673594338447e-05,1.1944090196578214,0.00012410052660510006,1.3775286756176073,0.00019001175334385702,1.5281028267524206,0.0005591774271002834,9.106798595038883,0.004022182776715336,0.9999940877096648,1.4747092420498607e-06
20,0.2,forward_kl,spcauchy,3,0.29740765431026966,0.001156928696861861,0.17288958272463506,0.000429433849409354,-12.363528171703726,0.0011518849398381857,0.009161333243052164,0.00016144475657695197,0.09078366806109746,0.0002885982079194289,1.9999999949504854e-06,1.7320508031958694e-06,0.09078566806109241,0.0002869580660603621,1.1558267643687294,0.0001986854242950039,1.3740501682604105,0.00043238203661390026,1.5647100589883634,0.001329969227611852,21.630192183672136,0.019299138023559547,0.9999952663266746,8.306574688102131e-07
20,0.2,forward_kl,vmf,3,0.40135590874568733,0.0013255846023299746,0.23647216669460902,0.0006498383483346851,-12.259579917268306,0.0012516615893772899,0.007088000110040109,0.00012233974332463045,0.09285700119410951,0.00027591192704439085,1.6666666624587378e-06,2.0816659942104314e-06,0.09285866786077197,0.0002749776913215802,1.1722221352459312,0.00015882756339846252,1.3751329424776575,7.26955947919151e-05,1.5492511930559356,0.000982444065185222,14.544993775509079,0.0047174259799794,0.9999948145431511,9.066344828879241e-07
20,0.2,reverse_kl,powerspherical,3,0.9646225917876939,0.003386468662702565,0.1871761245346164,0.00025295386840638374,-11.6963132342263,0.0034498169242724018,0.00013933333199626455,1.3868430047848696e-05,0.09980566797215336,0.0001691843250417192,1.3333332920713776e-06,5.773503005505224e-07,0.09980700130544544,0.00016905029902696065,1.0882368436621774,0.0004245903230431625,1.2573010195411758,0.00045404114147067954,1.3972469560324259,0.0003138876690274682,13.568067294342129,0.009244580337951011,0.9999958953371836,1.049679775679224e-06
20,0.2,reverse_kl,spcauchy,3,0.358537411787703,0.0018265586246913397,0.12599985727005394,0.0004572071937138902,-12.30239841422629,0.0017239420492176916,0.003477000010510286,0.00010282516617267488,0.09646800129363935,0.00025328162697514157,4.0000001035878086e-06,3.605551487078237e-06,0.09647200129374293,0.00025683956458722525,1.098256080022348,0.0002711779984220615,1.3119516034410406,0.0004719624253574095,1.5010158612253548,0.0013941865171840967,26.74778808075452,0.02582842113399107,0.9999965409286938,4.0326586613320665e-07
20,0.2,reverse_kl,vmf,3,0.5575184646739996,0.00027650464956247337,0.15191535470415996,7.43191805251152e-05,-12.103417361339995,0.0010080074635032508,0.0010436666586125891,1.3613756672533323e-05,0.09890133464553703,0.00016180354180529496,2.6666666599339806e-06,1.5275252277953162e-06,0.09890400131219697,0.0001604994095175971,1.0906519132557415,0.00022398806873310154,1.2814348944271616,0.00014600736523338648,1.4463640385902543,0.000715366230676012,18.65600860256875,0.02094175172893747,0.999995872356997,9.19085219388271e-07
100,0.0,forward_kl,powerspherical,3,0.0014328524027105991,8.580958217510246e-05,0.0013972216474774084,2.2999530954065824e-05,-30.685527677690292,0.0038596661338084603,0.0,0.0,0.0,0.0,0.00794599453608195,0.00061728618093787,0.00794599453608195,0.00061728618093787,0.5457961463194108,0.00023094403197600191,0.6347434172600889,0.00024324887330643522,0.7098570516389261,0.00021238399254604277,92.17901278706836,0.03736564286294401,0.9999992284236251,1.4994643652483589e-07
100,0.0,forward_kl,spcauchy,3,0.0651787272907872,0.0004415901675191372,0.10310746406958597,0.0007478613292441655,-30.621781802802218,0.0034460585087037247,0.0,0.0,0.0,0.0,0.03628834088643392,0.0004835787694396956,0.03628834088643392,0.0004835787694396956,0.5429235379453666,0.00010600824673842962,0.6735294551919608,0.00011633044110249723,0.8023437901699166,0.0007479855023992015,190.61074525970506,0.02915000082226354,0.9999991451794829,2.0029114763510547e-07
100,0.0,forward_kl,vmf,3,5.910577831398316e-05,9.817318035183485e-06,7.537591534495709e-05,1.3900940367129201e-05,-30.686901424314694,0.0037963511774635594,0.0,0.0,0.0,0.0,0.0007359981536865234,0.00042663468683883327,0.0007359981536865234,0.00042663468683883327,0.5449118972122063,0.00014266913497616387,0.6377813670220434,0.00022159942111047267,0.7179004262249231,0.000229698641467372,100.05837379934769,0.03280695998225614,0.9999992174219212,1.5902967880918888e-07
100,0.0,reverse_kl,powerspherical,3,0.0014447972493585358,8.126146600191482e-05,0.0014251697052356405,3.9662865950179057e-05,-30.685515732843644,0.003858769600200019,0.0,0.0,0.0,0.0,0.008461664120356241,0.0008971681698738651,0.008461664120356241,0.0008971681698738651,0.5458873369716171,0.00026931894791891475,0.6348414719897467,0.000248895642636133,0.7099949335566459,0.00021878562290924782,92.1443359094568,0.049335059162541814,0.9999991867547173,9.3746759819754e-08
100,0.0,reverse_kl,spcauchy,3,0.06660000497841455,0.0005261246308955222,0.10047522462583508,0.0007795842209375669,-30.62036052511459,0.0034655017361098616,0.0,0.0,0.0,0.0,0.057209670543670654,0.0006910242770378814,0.057209670543670654,0.0006910242770378814,0.5380632134830231,0.00018076490443589015,0.667653315237136,0.00031223286152808993,0.7955768229089825,0.0010032396349940284,194.55185215625878,0.13497719148396486,0.999999270716453,1.7070217666420008e-07
100,0.0,reverse_kl,vmf,3,6.0833539441392446e-05,5.8092007024908975e-06,7.050577499393292e-05,1.195796352231223e-05,-30.686899696553567,0.0037907223208489705,0.0,0.0,0.0,0.0,0.00109367569287618,0.0007294756063008141,0.00109367569287618,0.0007294756063008141,0.5452191715958347,9.30520666281005e-05,0.638145012060605,0.00011525869068091813,0.7183039964671684,0.000336980191503916,99.93828045149682,0.032508649548750226,0.9999992458110173,1.6125623956077347e-07
100,0.01,forward_kl,powerspherical,3,0.8423640136791467,0.006169321209678005,0.057953728772234946,0.0009595885774937574,-29.58042567198005,0.009443351475607615,0.0,0.0,0.004922333328674237,9.495957901449364e-05,0.1102686623732249,0.0009487408572031701,0.11519099570189913,0.0008544647113899528,0.5673703262343128,0.0002433289088808341,0.6597154904719988,0.00017569629516727317,0.7376407080912163,0.0006290206494112106,84.33227160808036,0.07744413222830142,0.9999991646960645,1.7280903969384487e-07
100,0.01,forward_kl,spcauchy,3,0.21374776338453993,0.000712986016874897,0.1168096160807373,0.0004926738029168875,-30.20904192227465,0.0043083332642956315,0.0,0.0,0.004922333328674237,9.495957901449364e-05,0.021634340286254883,0.0008202075511243094,0.02655667361492912,0.0009067682973446588,0.5473442653288515,0.0002037862696901788,0.6788639710140192,8.038321968530136e-05,0.8084897992673966,0.0005790395566129656,187.11801998725366,0.11515140746268501,0.9999991302317461,1.9566997077538855e-07
100,0.01,forward_kl,vmf,3,0.5562570698599847,0.0037206166206812255,0.03513335732126608,0.0006645207237148641,-29.866532615799212,0.006945958516257775,0.0,0.0,0.004922333328674237,9.495957901449364e-05,0.07425198952356975,0.0014151975708663667,0.07917432285224398,0.001320385538309031,0.5607720892827103,0.00016462691742969923,0.6564847714291054,0.00019868678106690156,0.7391660779546146,0.00036283689103584776,94.14006096366818,0.05139513805528317,0.9999991921724628,1.6681424003064536e-07
100,0.01,reverse_kl,powerspherical,3,0.8927002344054767,0.006802530925315605,0.01147520137577925,3.979426142693909e-05,-29.530089451253716,0.009961673908348422,0.0,0.0,0.004922333328674237,9.495957901449364e-05,0.004724333683649699,0.0008877107373845165,0.009646667012323936,0.0008575775014459607,0.545887417641716,0.0002692881543140326,0.6348415659616157,0.0002488762595155467,0.7099950243980122,0.00021879049428171366,92.14430687824085,0.049326686275512614,0.9999991867643194,9.375888811402222e-08
100,0.01,reverse_kl,spcauchy,3,0.218482072849251,0.0005241054898649037,0.10844160038421796,0.0007442654343869965,-30.20430761280994,0.004248175803793762,0.0,0.0,0.004922333328674237,9.495957901449364e-05,0.05936466654141744,0.0007110479334899346,0.06428699987009168,0.000662448085696705,0.5384308029564249,0.00018977809507647315,0.6680977524371073,0.00031175759705548444,0.7960892314898419,0.0010044707491491491,194.24980691177186,0.1353410928290703,0.9999992704476668,1.7103752295242723e-07
100,0.01,reverse_kl,vmf,3,0.5809673020155759,0.004351651742399177,0.010119513375032299,1.1589629621877074e-05,-29.841822383643617,0.007644094898790627,0.0,0.0,0.004922333328674237,9.495957901449364e-05,0.002811680237452189,0.0010212464626187052,0.007734013566126426,0.0011148480578463613,0.5452197416250867,9.29004288659239e-05,0.638145710113991,0.00011514888130560686,0.7183047838910182,0.0003368715828101783,99.93805495812539,0.03249368332656627,0.9999992458290735,1.611971647397961e-07
100,0.05,forward_kl,powerspherical,3,3.49910809836166,0.007438664049370068,1.0205315866066786,0.006135565807235036,-25.94447000791918,0.009982287980683967,0.0,0.0,0.024823999653259914,3.8039247077785626e-05,0.3038693343599637,0.00047176549903218257,0.32869333401322365,0.0005055617773408027,0.6467306411779176,0.0002770577259800998,0.7514677752181816,0.00044796310358513706,0.8396334703195412,0.000771825521231762,61.92045460480995,0.09293658076431402,0.9999987884072631,3.2562746217155344e-07
100,0.05,forward_kl,spcauchy,3,0.8674449957541063,0.003157127219780635,0.22523651661572916,0.0006163246404646647,-28.576133110526737,0.00567846857857389,0.0,0.0,0.024823999653259914,3.8039247077785626e-05,0.038729339838027954,0.0008189255585821796,0.06355333949128787,0.0008558937170726521,0.5664026228340148,0.00021782805410330513,0.7018287952454214,0.00011517269698752771,0.834896474016967,0.0007729499062658973,172.98252802677465,0.05802637080197147,0.9999990686733744,2.5079731598951977e-07
100,0.05,forward_kl,vmf,3,2.439951043396068,0.006882666285910627,0.6098558228248705,0.0027246593919295218,-27.00362706288477,0.009381917986986591,0.0,0.0,0.024823999653259914,3.8039247077785626e-05,0.2546590020259221,0.00026648258067647176,0.27948300167918205,0.00029896699198701907,0.6207743544770361,0.0002319682184308048,0.727309427137088,0.00032127631377946395,0.8195853273205608,0.00035148990004229137,75.66176234393203,0.08196532135819173,0.9999990490906038,2.813742844935015e-07
100,0.05,reverse_kl,powerspherical,3,4.552698836658068,0.014643409762690109,0.05271713326000781,4.007468494897265e-05,-24.890879269622776,0.017118663410596972,0.0,0.0,0.024823999653259914,3.8039247077785626e-05,0.010407338539759317,0.0009050078272870435,0.035231338193019233,0.0009236753161849335,0.5458877358189246,0.00026919476567454433,0.6348419367681518,0.0002488288111471066,0.7099953944987406,0.00021880473064909655,92.14419146707554,0.0493016139854548,0.9999991867966775,9.379974276577093e-08
100,0.05,reverse_kl,spcauchy,3,0.9100101908050796,0.0037132117581243837,0.1484229045808767,0.0007162378756770838,-28.53356791547576,0.0062679626275230675,0.0,0.0,0.024823999653259914,3.8039247077785626e-05,0.07360933224360149,0.0007181553654022301,0.09843333189686139,0.0007150729687180699,0.5386410710076847,0.00018849249916312615,0.6683518412120589,0.00030834263375581575,0.7963821671106497,0.0010006310469172623,194.0774991962442,0.13287758660542945,0.9999992698963053,1.719565045817259e-07
100,0.05,reverse_kl,vmf,3,2.99485069482337,0.00855420317892846,0.05135929523230141,1.1477010947971598e-05,-26.44872741145747,0.01104724867568214,0.0,0.0,0.024823999653259914,3.8039247077785626e-05,0.01793365677197774,0.0009662815726022844,0.042757656425237656,0.0009364790965031561,0.5452214432767132,9.265804848668798e-05,0.6381476539349413,0.00011520870627515613,0.7183068959346622,0.0003364203391251009,99.9374336807786,0.032321044448642214,0.9999992459830588,1.6106517518530761e-07
100,0.1,forward_kl,powerspherical,3,5.677699449822718,0.0015126246965119173,3.1492186600694008,0.00507545431089117,-22.589430301444875,0.002264275756312992,0.0,0.0,0.04984599972764651,3.4072459052742875e-05,0.33393466426059604,0.0004549343898880305,0.38378066398824257,0.00043107754035546115,0.7328045376195161,0.0001156054982596635,0.8507477538259224,0.0003045710742953681,0.9497006465075476,0.0007423420060411993,45.36652142933291,0.04826351636450944,0.9999986585689853,1.4267481814647203e-07
100,0.1,forward_kl,spcauchy,3,1.6811029216167013,0.0006571503161978747,0.4826153052119562,0.0018526699618177259,-26.58602682965089,0.0010976058914118204,0.0,0.0,0.04984599972764651,3.4072459052742875e-05,0.11032066245873769,0.0007659447596842304,0.1601666621863842,0.0007319336585063955,0.5929875034986478,0.00024332498439348307,0.7337482725527916,0.0002257561608647897,0.8714648378024418,0.0009207024144097818,155.4983312451368,0.07374267306810263,0.9999990943287812,2.730567320331722e-07
100,0.1,forward_kl,vmf,3,4.136838376588048,0.0009740678479239934,2.016977129643202,0.0010100670509480762,-24.130291374679544,0.0009005943872336672,0.0,0.0,0.04984599972764651,3.4072459052742875e-05,0.31617966418464977,0.0003899272251393338,0.3660256639122963,0.0003613237116930547,0.6896440196048572,3.3541272027892944e-05,0.8087205099697691,0.0001477610710478574,0.9121912288701365,0.0001482718209231355,60.03869408974224,0.030744896822028057,0.9999990612779494,2.3201329495121573e-07
100,0.1,reverse_kl,powerspherical,3,9.204513786900078,0.003571969996792203,0.1067832429737859,4.019492288530241e-05,-19.062615964367513,0.0018228359706644185,0.0,0.0,0.04984599972764651,3.4072459052742875e-05,0.02926267186800639,0.0009818323219138259,0.0791086715956529,0.0009602061914835598,0.5458881400768812,0.0002691249490667323,0.6348424033493117,0.00024881511223646816,0.7099958653301252,0.00021880103745639643,92.14404475898827,0.049282925616476604,0.9999991868278305,9.383978731742664e-08
100,0.1,reverse_kl,spcauchy,3,1.8299868232617484,0.0013465219579758961,0.20168362029556242,0.0006959091555566063,-26.43714292800585,0.0011086176681253503,0.0,0.0,0.04984599972764651,3.4072459052742875e-05,0.0919116735458374,0.0005934071167592524,0.1417576732734839,0.0006134762323831084,0.538772250262452,0.00018899001523151333,0.6685103564622784,0.0003083348526489543,0.7965648855234124,0.0010007117872362144,193.97012654858335,0.1328069719746097,0.9999992695130153,1.7192926089934567e-07
100,0.1,reverse_kl,vmf,3,6.079280756362422,0.002266411658564592,0.10542336393447198,1.1492225962704151e-05,-22.18784899490517,0.004010587899576341,0.0,0.0,0.04984599972764651,3.4072459052742875e-05,0.03678366541862488,0.0011138191653547918,0.08662966514627139,0.0011313215045440418,0.5452231990042234,9.280687668445593e-05,0.6381497470749405,0.00011563476371019706,0.7183091152590175,0.000336154129866961,99.9367722527192,0.032229536614287534,0.9999992461600794,1.609081122730948e-07
100,0.2,forward_kl,powerspherical,3,7.883633586918248,0.00634502799320842,6.347900953807113,0.002118363553479374,-18.116747510936566,0.017517826477539786,0.0,0.0,0.09954233219226201,0.00017003881099271028,0.30330432949025027,0.00020321786400611375,0.4028466616825123,0.00014257381842608258,0.8777398518747778,0.0001588140116176869,1.0171950994967827,0.00019856419417217338,1.1335751923888504,0.0005500472257257244,27.724411379863426,0.00784651542285434,0.9999977508573045,3.163853733174462e-07
100,0.2,forward_kl,spcauchy,3,3.1507237613756103,0.007073452010797904,1.502006217417967,0.004808246143189399,-22.849657336479208,0.018689668754246717,0.0,0.0,0.09954233219226201,0.00017003881099271028,0.21287466088930765,0.0003425780394783539,0.31241699308156967,0.00022730159778164895,0.656162748080145,0.0002806005209967471,0.8090692517754442,0.00048594283766865976,0.9570552886114149,0.0012872027794301763,122.14736669885299,0.13404059452977957,0.9999988527254828,2.4925428324610284e-07
100,0.2,forward_kl,vmf,3,6.094081004697432,0.006502874169036475,5.13432264167023,0.00705506159710234,-19.906300093157384,0.017978872704360813,0.0,0.0,0.09954233219226201,0.00017003881099271028,0.3019716628671934,0.00021744233068554262,0.40151399505945545,0.00012872262804168903,0.8121381361933087,0.00022290393990876696,0.9538373194132079,0.0003414565018693901,1.077142361216241,0.0003020119808527307,41.243402597746204,0.01753192120813162,0.9999985628542841,2.823724089643038e-07
100,0.2,reverse_kl,powerspherical,3,18.540715747840807,0.05751072121210268,0.22456415691813736,4.016646712078106e-05,-7.4596653500140055,0.06914722717237795,0.0,0.0,0.09954233219226201,0.00017003881099271028,0.06717634201049805,0.0012831646161288747,0.16671867420276007,0.0014033055492789891,0.5458889929095768,0.00026907204632609414,0.6348434023468674,0.0002488702098226873,0.7099968870579841,0.00021875847002342775,92.14372724017221,0.04926787606715474,0.9999991868734192,9.390372892985874e-08
100,0.2,reverse_kl,spcauchy,3,3.7376663185388357,0.01137544186997533,0.3183643916987406,0.0006680456002001232,-22.26271477931598,0.022853449049408885,0.0,0.0,0.09954233219226201,0.00017003881099271028,0.12906033794085184,0.0005411489338328728,0.22860267013311386,0.0006344211118894565,0.5389484146629496,0.0001907556378240497,0.6687230297173553,0.0003104372671094221,0.7968101043007959,0.0010033115246660318,193.82615113705887,0.13413896549936336,0.9999992688244093,1.7176994333007782e-07
100,0.2,reverse_kl,vmf,3,12.295914526334018,0.02691786954836728,0.22320048794712322,1.1587011801547315e-05,-13.704466571520797,0.038575028066149444,0.0,0.0,0.09954233219226201,0.00017003881099271028,0.07468400398890178,0.0009215077122113332,0.1742263361811638,0.0008724242800342159,0.5452264497677688,9.340576553153464e-05,0.6381532677391899,0.00011642786365916041,0.7183131866402098,0.00033616977953950005,99.93561223874184,0.0321037444879694,0.9999992464433292,1.6060737503487458e-07
500,0.0,forward_kl,powerspherical,3,0.00015222878858481203,2.9477494776593485e-05,0.00016557534485469563,2.595040431567482e-05,-54.510360661411646,0.006874437105399635,0.0,0.0,0.0,0.0,0.0,0.0,0.0,0.0,0.24910640675517892,8.9676733061761e-05,0.29025639670625875,0.0001045087680136992,0.32513389181143154,4.4995740324228033e-05,491.8557614180208,0.19968729297928456,0.999999786703869,4.498073033638531e-08
500,0.0,forward_kl,spcauchy,3,0.09214359356018452,0.0005430784355418502,0.16478313797784713,0.0011530883163947102,-54.41836929664004,0.006774844416553856,0.0,0.0,0.0,0.0,1.933177312215169e-05,1.5153340471322014e-06,1.933177312215169e-05,1.5153340471322014e-06,0.24788383666174632,3.257255185863233e-05,0.31087857009949804,9.904326016328547e-05,0.3752467632872544,0.00043021714137496056,1015.2995080409722,0.3179906751287261,0.9999997872692871,5.282944042723313e-08
500,0.0,forward_kl,vmf,3,8.966784542013069e-05,1.5082785343335372e-05,0.00010695936073196882,2.2535047253864938e-05,-54.5104232223548,0.006869408120529797,0.0,0.0,0.0,0.0,0.0,0.0,0.0,0.0,0.24902940022765066,6.152820776656396e-05,0.2905391000913451,0.0001133227004316598,0.32601829063667265,5.3545279071621514e-05,500.2320328452177,0.20042916217179907,0.9999997868450624,4.5304784696027584e-08
500,0.0,reverse_kl,powerspherical,3,0.00016895686007376766,3.136814656451991e-05,0.0001913790076202632,2.6448948254600823e-05,-54.51034393334015,0.006909969647999221,0.0,0.0,0.0,0.0,0.0,0.0,0.0,0.0,0.24919587922459252,0.00011636308595993247,0.2903556356610512,0.00013282791001722945,0.32525931794524937,5.601953135970435e-05,491.50599891688285,0.28935010541071665,0.9999997754475202,6.447110068501365e-08
500,0.0,reverse_kl,spcauchy,3,0.09563877983258412,0.0007042655205132077,0.15772258818636412,0.00106719808847818,-54.414874110367634,0.00696380532786508,0.0,0.0,0.0,0.0,1.4682610829671225e-05,5.850168810024046e-07,1.4682610829671225e-05,5.850168810024046e-07,0.24429487155357285,7.389360362983908e-05,0.3064009715450173,0.0001246968439763929,0.3698829160863069,0.0004821338467687569,1046.1454046626998,0.48596666266693145,0.9999997670985081,1.1127351768028075e-07
500,0.0,reverse_kl,vmf,3,8.946189490051613e-05,2.1557368278491206e-05,9.905394389129839e-05,1.5834648342130296e-05,-54.51042342830532,0.006859521606117563,0.0,0.0,0.0,0.0,0.0,0.0,0.0,0.0,0.24914951720851,5.510000738544896e-05,0.29067948210920436,4.526628737925231e-05,0.3261763101715505,0.00010284811107674458,499.74541249356844,0.22428748453540207,0.9999997983007489,4.4416116288031584e-08
500,0.01,forward_kl,powerspherical,3,5.092965964591969,0.02852011811161296,1.1686394525989003,0.021320869373204883,-48.9164973750588,0.03134874846917345,0.0,0.0,0.004922333328674237,9.495957901449364e-05,0.009944677352905273,4.151000295197482e-05,0.01486701068157951,0.0001355325799811515,0.2983739047628487,0.00045595017278875026,0.3475781531938191,0.0005148391503357736,0.3892641272043445,0.0007353872393960127,338.91139452423266,1.1050539892902282,0.9999996846192044,7.534400550546346e-08
500,0.01,forward_kl,spcauchy,3,0.47590843165403535,0.0016033349186568644,0.18708361320189634,0.0007347744219671728,-53.53355490799674,0.006717329878288899,0.0,0.0,0.004922333328674237,9.495957901449364e-05,0.009921332200368246,4.148574623476081e-05,0.014843665529042482,0.00013529068215219694,0.25032011619706834,9.051632621390215e-05,0.31391714235190354,5.815560146525936e-06,0.378883276103561,0.00033333349130157614,995.1110553718041,0.3544271558198068,0.9999997830459281,4.535619608361102e-08
500,0.01,forward_kl,vmf,3,3.686448720659099,0.01933720773328904,0.6361446071387996,0.012894347325640248,-50.32301461899167,0.0216916492468309,0.0,0.0,0.004922333328674237,9.495957901449364e-05,0.009944677352905273,4.151000295197482e-05,0.01486701068157951,0.0001355325799811515,0.2849451763337084,0.0003618980126512446,0.3325325678703877,0.0003915464498252388,0.37325906209760573,0.0005258832089068117,380.86577705867336,0.9821106317086931,0.9999997574138494,5.570653412785004e-08
500,0.01,reverse_kl,powerspherical,3,6.261409696587758,0.04011388661028172,0.010241714861675457,2.6448949243332838e-05,-47.748053643063,0.04270279893333572,0.0,0.0,0.004922333328674237,9.495957901449364e-05,0.009944677352905273,4.151000295197482e-05,0.01486701068157951,0.0001355325799811515,0.24919587922462638,0.00011636308590085465,0.2903556356610882,0.00013282790995478618,0.3252593179452467,5.601953136069465e-05,491.5059989168837,0.28935010540727174,0.9999997754475202,6.447110072095829e-08
500,0.01,reverse_kl,spcauchy,3,0.4854293299778691,0.0013520514323833964,0.16766561899959054,0.001067719565928917,-53.5240340096729,0.0068082690274323,0.0,0.0,0.004922333328674237,9.495957901449364e-05,0.009929994742075602,4.101502684909523e-05,0.01485232807074984,0.00013509958744410135,0.24430079494403012,7.389425336329766e-05,0.3064084862820377,0.00012339288581663765,0.36989172348928023,0.00048058907296803923,1046.092783860628,0.47772390272340237,0.9999997669045187,1.1117366486689457e-07
500,0.01,reverse_kl,vmf,3,4.3047029807515145,0.02786246103306138,0.01014938979746673,1.583464834679297e-05,-49.70476035889925,0.030563179755152024,0.0,0.0,0.004922333328674237,9.495957901449364e-05,0.009944677352905273,4.151000295197482e-05,0.01486701068157951,0.0001355325799811515,0.24914951720854803,5.510000742486237e-05,0.2906794821091967,4.526628739030354e-05,0.3261763101715766,0.00010284811104606128,499.745412493593,0.22428748451353617,0.9999997983007489,4.441611622404691e-08
500,0.05,forward_kl,powerspherical,3,15.22338596184727,0.025334253499391335,14.943062882497571,0.06250485230413237,-36.856665703596036,0.03303107789465322,0.0,0.0,0.024823999653259914,3.8039247077785626e-05,0.02953702211380005,0.0015936800777603143,0.05436102176705996,0.0016135602566704674,0.44351086527725153,0.0005439340707249227,0.5161943236959966,0.0006818059202070438,0.577718819401753,0.0009854864277818425,146.27868349114465,0.4534358640895821,0.9999993296348738,6.423531965579084e-08
500,0.05,forward_kl,spcauchy,3,2.0652007045380043,0.009178028912286133,0.35095394752351244,0.0012868997823232934,-50.0148509609053,0.017100584037969623,0.0,0.0,0.024823999653259914,3.8039247077785626e-05,0.049762984116872154,0.0002704219729839927,0.07458698377013206,0.00030840664223303477,0.2608406888093815,8.992339172001473e-05,0.32702655901678274,7.71173369367969e-05,0.39457824122123036,0.0004347215166016059,914.3552475930472,0.20234435481929738,0.9999997677342836,5.586904278191115e-08
500,0.05,forward_kl,vmf,3,12.047514293936523,0.02779935514037223,9.665402902847589,0.04896781127379395,-40.032537371506784,0.03524400382704993,0.0,0.0,0.024823999653259914,3.8039247077785626e-05,0.040047009785970054,0.0002496566309503193,0.06487100943922997,0.0002680756504282199,0.3985098832827303,0.00045704884668088853,0.4655595394751646,0.0004882491858913549,0.5231154378779558,0.0005969808286996307,192.1036390671524,0.49864374676278767,0.9999996685962921,7.164729968090097e-08
500,0.05,reverse_kl,powerspherical,3,31.476005418602885,0.12170778184721157,0.05148467339577123,2.6448947725721128e-05,-20.604046246840422,0.12937596118606542,0.0,0.0,0.024823999653259914,3.8039247077785626e-05,0.04982399940490723,0.00026611048213032824,0.07464799905816714,0.000304114881582273,0.24919587922459419,0.00011636308595985005,0.2903556356610502,0.0001328279100158294,0.32525931794524976,5.6019531359310976e-05,491.5059989168804,0.2893501054070804,0.9999997754475202,6.447110068501365e-08
500,0.05,reverse_kl,spcauchy,3,2.1309609774705787,0.00971723069598698,0.20887050216133926,0.001065993963565332,-49.94909068797273,0.017791967973404405,0.0,0.0,0.024823999653259914,3.8039247077785626e-05,0.04980931679407755,0.0002660577846297552,0.07463331644733746,0.0003040654394621522,0.244304070238854,7.349718685087608e-05,0.30641255146572943,0.00012262296739573567,0.36989663269378253,0.00047967205637912516,1046.0639688402352,0.47210708867069145,0.9999997669000061,1.1123856162525954e-07
500,0.05,reverse_kl,vmf,3,21.663518991641315,0.07376834175371605,0.05139234833151659,1.5834648416733106e-05,-30.416532673801992,0.08123307251168813,0.0,0.0,0.024823999653259914,3.8039247077785626e-05,0.04982399940490723,0.00026611048213032824,0.07464799905816714,0.000304114881582273,0.2491495172084843,5.510000735562212e-05,0.29067948210918926,4.52662873809525e-05,0.32617631017157894,0.00010284811102527199,499.7454124936008,0.22428748437677884,0.9999997983007488,4.441611635201625e-08
500,0.1,forward_kl,powerspherical,3,20.42412598606771,0.001381570958994253,20.46466565981953,0.012407857304341989,-29.287687352332,0.002756819148782218,0.0,0.0,0.04984599972764651,3.4072459052742875e-05,0.662815660238266,0.0023004536624856363,0.7126616599659125,0.0022802771728684733,0.5738894482290017,0.00047336590704439576,0.6672597829694181,0.0006556298721969513,0.7460499684241823,0.0010517972210648287,82.13508877332565,0.20636208008217982,0.9999989727644399,6.159746873032563e-08
500,0.1,forward_kl,spcauchy,3,4.032090803214398,0.0029877585081560664,0.7754688688373227,0.0053598327387052455,-45.67972253518531,0.0031764858998273708,0.0,0.0,0.04984599972764651,3.4072459052742875e-05,0.09967199961344402,0.00011263821291569727,0.14951799934109053,7.861805906027785e-05,0.27612031541241766,0.00016805646820494634,0.3460481043058253,0.00021088216464530048,0.41732196247897296,0.0006095345424789223,813.0926615533999,0.7976672784435804,0.999999751345641,3.7396312886817085e-08
500,0.1,forward_kl,vmf,3,16.892927847202614,0.004504794752991597,19.74282405374872,0.013088304829521578,-32.81888549119709,0.003497182205242736,0.0,0.0,0.04984599972764651,3.4072459052742875e-05,0.29952166477839154,0.0024012469498167805,0.349367664506038,0.0023761117323046217,0.5069040545251209,0.0004124793113301448,0.593002764875512,0.0004438332123620393,0.6671726947293593,0.0006257983501846548,116.55467693595715,0.23207414132672022,0.999999481464831,5.03352818310072e-08
500,0.1,reverse_kl,powerspherical,3,63.205687290188735,0.045396105342436974,0.10555189466555849,2.6448948074188067e-05,13.493873951789036,0.045408409885590334,0.0,0.0,0.04984599972764651,3.4072459052742875e-05,0.09985333681106567,0.00010792036142356466,0.14969933653871217,7.38975026318075e-05,0.2491958792245947,0.00011636308596120549,0.2903556356610483,0.0001328279100157713,0.32525931794524876,5.6019531359438905e-05,491.5059989168822,0.2893501054087812,0.9999997754475202,6.447110068501365e-08
500,0.1,reverse_kl,spcauchy,3,4.248461395814861,0.0031953959223908254,0.26291651576547037,0.0010651262120060269,-45.46335194258486,0.004189768970071814,0.0,0.0,0.04984599972764651,3.4072459052742875e-05,0.09983865420023601,0.00010772309594715869,0.14968465392788252,7.371228066590378e-05,0.24430601744648203,7.359819141205646e-05,0.30641496318740674,0.00012228016996776407,0.36989955118756784,0.000479314687506961,1046.046850902929,0.4700612463336249,0.999999766879243,1.1129487354521865e-07
500,0.1,reverse_kl,vmf,3,43.51483938388389,0.010016178202732198,0.10545956960184515,1.5834648428822146e-05,-6.196973954515826,0.00800402194784206,0.0,0.0,0.04984599972764651,3.4072459052742875e-05,0.09985333681106567,0.00010792036142356466,0.14969933653871217,7.38975026318075e-05,0.2491495172085623,5.510000739011738e-05,0.29067948210916034,4.526628743950305e-05,0.326176310171741,0.00010284811101827541,499.74541249366706,0.2242874842671739,0.9999997983007486,4.44161163387741e-08
500,0.2,forward_kl,powerspherical,3,23.680277340289436,0.0046838625323796105,13.27068363077879,0.004877315657858542,-21.3913727809898,0.028901668322371166,0.0,0.0,0.09954233219226201,0.00017003881099271028,0.7974393363886824,0.0005762592706054438,0.8969816685809443,0.00041171805223624467,0.7680306752254437,0.00022046191815302808,0.8912677823861022,0.00027160975613862987,0.9945055916327799,0.0004244847292152498,40.1470965583385,0.023437782627714492,0.999998301362663,2.226561312448383e-07
500,0.2,forward_kl,spcauchy,3,7.6982348994682495,0.01996753434801505,2.810493821496561,0.012519652082840301,-37.373415221810994,0.044204890446751854,0.0,0.0,0.09954233219226201,0.00017003881099271028,0.19732898473739624,0.0006655749476174586,0.29687131692965824,0.0008350348337028325,0.3156465844557365,0.00016618908793683624,0.39514243411424843,0.0002953107115069021,0.4758804084332889,0.0007575387858900631,615.9569888385478,0.7289980308360802,0.9999997285366676,2.621267069685945e-08
500,0.2,forward_kl,vmf,3,20.43150526545466,0.008177646168631392,16.412025149423783,0.0013305431174765413,-24.640144855824584,0.032422367564716115,0.0,0.0,0.09954233219226201,0.00017003881099271028,0.7672676704823971,0.00048791298148994033,0.8668100026746591,0.0003203237998600548,0.676975523632893,6.874641499219651e-05,0.7937268782984063,0.00019340320887471888,0.8951296392300927,9.687465239716508e-05,62.565561531092264,0.025613377822025253,0.9999991180921673,1.8311368489655375e-07
500,0.2,reverse_kl,powerspherical,3,126.44238146740567,0.4087136714952366,0.22333493032202467,2.6448948044918853e-05,81.37073134612642,0.4329887064527615,0.0,0.0,0.09954233219226201,0.00017003881099271028,0.19947099685668945,0.0006068860838842668,0.29901332904895145,0.0007759328811284595,0.24919587922463027,0.00011636308590537588,0.29035563566108125,0.00013282790995354849,0.3252593179452444,5.601953136060306e-05,491.50599891688506,0.28935010540977824,0.9999997754475202,6.447110072095829e-08
500,0.2,reverse_kl,spcauchy,3,8.54159773977536,0.025279100777098114,0.38067292126289076,0.0010642098106625505,-36.53005238150388,0.049554054007881244,0.0,0.0,0.09954233219226201,0.00017003881099271028,0.19945631424585977,0.0006067377672482314,0.2989986464381218,0.0007757996844448568,0.24430833887801884,7.384604724033591e-05,0.30641785698695484,0.00012198718223796742,0.3699030395747806,0.0004789981539037555,1046.0264583830956,0.4683795178153558,0.9999997668364552,1.1137591997048354e-07
500,0.2,reverse_kl,vmf,3,87.0902951036281,0.19694293840349736,0.22324260525831785,1.583464854690857e-05,42.01864498234887,0.22104665595118678,0.0,0.0,0.09954233219226201,0.00017003881099271028,0.19947099685668945,0.0006068860838842668,0.29901332904895145,0.0007759328811284595,0.24914951720845305,5.5100007278323944e-05,0.29067948210908806,4.526628744713693e-05,0.3261763101718096,0.00010284811094930579,499.7454124938718,0.22428748386160438,0.9999997983007485,4.4416116588091696e-08
