model_family,reported_dim,ambient_latent_dim,seed,selected_epoch,best_eval_recon_loss,best_eval_total_loss,best_eval_kl,concentration_mean,concentration_q95,concentration_max,wall_clock_training_s,final_eval_recon_loss,final_eval_total_loss,final_eval_kl,run_dir
powerspherical,3,4,1,38,119.26926190340066,128.16373771957205,8.89447641976272,1807.3974900024414,2693.0339965820303,3897.72509765625,242.91001777502242,119.29631467408771,128.24094197719913,8.944627665266205,experiments/mnist/outputs/benchmark/powerspherical/dim_3/seed_1
powerspherical,3,4,4,39,118.39719844769827,127.40863983540595,9.01144118248662,1943.797076965332,2815.246411132812,3661.962158203125,242.38605869701132,118.60595046417623,127.60127470764932,8.995324074467526,experiments/mnist/outputs/benchmark/powerspherical/dim_3/seed_4
powerspherical,3,4,3,39,119.07590262497527,128.02728667440294,8.951383614841896,1888.200358868408,2905.7422851562496,4712.09326171875,242.9345374230179,119.34708732894704,128.34156567537332,8.994478165348873,experiments/mnist/outputs/benchmark/powerspherical/dim_3/seed_3
powerspherical,3,4,2,39,119.66745265526107,128.61643064474757,8.948978134348422,1861.8202000549315,2547.478271484375,3397.281982421875,243.3066706720274,119.84970817083045,128.81629345085048,8.966585111014451,experiments/mnist/outputs/benchmark/powerspherical/dim_3/seed_2
powerspherical,3,4,0,40,118.78100074092045,127.79537548596346,9.014374370816387,1963.9529903442383,3016.2243408203126,3933.85205078125,242.60639758902835,118.78100074092045,127.79537548596346,9.014374370816387,experiments/mnist/outputs/benchmark/powerspherical/dim_3/seed_0
powerspherical,2,3,1,40,133.72403832930553,140.32921214043338,6.605174360395987,2187.1619047668455,3922.4874511718745,6554.68798828125,243.53855083801318,133.72403832930553,140.32921214043338,6.605174360395987,experiments/mnist/outputs/benchmark/powerspherical/dim_2/seed_1
powerspherical,2,3,4,40,131.43931531302536,138.32661196551746,6.887296483486513,2783.8402828186036,4477.758642578125,5923.2763671875,241.6397935320274,131.43931531302536,138.32661196551746,6.887296483486513,experiments/mnist/outputs/benchmark/powerspherical/dim_2/seed_4
powerspherical,2,3,3,40,132.4442684318446,139.21147039872181,6.767201846158957,2435.587059143066,3465.125891113281,4786.07421875,242.54080236202572,132.4442684318446,139.21147039872181,6.767201846158957,experiments/mnist/outputs/benchmark/powerspherical/dim_2/seed_3
powerspherical,2,3,2,40,132.36874631084973,139.16632533978813,6.797578280485129,2493.0764052978516,3507.6004272460914,4696.39794921875,243.08865090896143,132.36874631084973,139.16632533978813,6.797578280485129,experiments/mnist/outputs/benchmark/powerspherical/dim_2/seed_2
powerspherical,2,3,0,40,132.65811041337025,139.40580788141565,6.747696942920927,2411.5603102783202,3783.5316894531243,5495.59375,242.51387175300624,132.65811041337025,139.40580788141565,6.747696942920927,experiments/mnist/outputs/benchmark/powerspherical/dim_2/seed_0
powerspherical,10,11,1,40,84.37623084345951,103.91129785851587,19.535066773619832,939.8955335266113,1325.442230224609,1849.4150390625,242.05596812197473,84.37623084345951,103.91129785851587,19.535066773619832,experiments/mnist/outputs/benchmark/powerspherical/dim_10/seed_1
powerspherical,10,11,4,40,84.49320307864419,103.94858396506008,19.455380306968205,919.3962831054688,1253.9179077148438,1714.0762939453125,243.85793510102667,84.49320307864419,103.94858396506008,19.455380306968205,experiments/mnist/outputs/benchmark/powerspherical/dim_10/seed_4
powerspherical,10,11,3,39,83.78560319731507,103.45377040814749,19.668167428125308,944.945628515625,1165.5371643066405,1449.3702392578125,243.6352143450058,83.76225560828101,103.45846576932111,19.696209943747217,experiments/mnist/outputs/benchmark/powerspherical/dim_10/seed_3
powerspherical,10,11,2,40,83.3334617131873,103.04917502101463,19.715712631805033,961.3556489929199,1259.53115234375,1665.630859375,243.71704069001134,83.3334617131873,103.04917502101463,19.715712631805033,experiments/mnist/outputs/benchmark/powerspherical/dim_10/seed_2
powerspherical,10,11,0,40,84.60042185723027,104.14545054375371,19.545028469230555,936.6456469238282,1271.1709716796875,1708.9791259765625,242.38062858500052,84.60042185723027,104.14545054375371,19.545028469230555,experiments/mnist/outputs/benchmark/powerspherical/dim_10/seed_0
powerspherical,20,21,1,40,77.77149818516985,104.29362980323502,26.522131328341327,541.423554826355,803.3437042236327,1141.109375,243.75010178697994,77.77149818516985,104.29362980323502,26.522131328341327,experiments/mnist/outputs/benchmark/powerspherical/dim_20/seed_1
powerspherical,20,21,4,40,80.9194019172765,106.94308809690838,26.02368608305726,505.2403963943481,706.7629699707031,1001.7118530273438,243.6140375380055,80.9194019172765,106.94308809690838,26.02368608305726,experiments/mnist/outputs/benchmark/powerspherical/dim_20/seed_4
powerspherical,20,21,3,39,81.7737092609647,107.70010733302635,25.926397637475894,499.1803888305664,689.0310974121093,961.146240234375,243.35327238502214,81.93152714982817,107.8352023740358,25.903675441500507,experiments/mnist/outputs/benchmark/powerspherical/dim_20/seed_3
powerspherical,20,21,2,40,92.62861855422395,116.73591285415843,24.107294565514675,406.6426129211426,539.843716430664,738.55517578125,242.780045159976,92.62861855422395,116.73591285415843,24.107294565514675,experiments/mnist/outputs/benchmark/powerspherical/dim_20/seed_2
powerspherical,20,21,0,40,78.34698776051968,104.6869570575183,26.33996980401534,532.8004686264038,793.6611572265621,1098.5201416015625,243.69487169600325,78.34698776051968,104.6869570575183,26.33996980401534,experiments/mnist/outputs/benchmark/powerspherical/dim_20/seed_0
powerspherical,5,6,1,40,106.9243710674817,118.9348286495933,12.010457751117174,1069.0756519073486,1397.41626586914,1756.083251953125,243.857343804033,106.9243710674817,118.9348286495933,12.010457751117174,experiments/mnist/outputs/benchmark/powerspherical/dim_5/seed_1
powerspherical,5,6,4,38,106.23641909828669,118.37458125247231,12.138161840318125,1128.588251309204,1554.980419921875,2169.713623046875,244.2086745229899,106.31108585792252,118.4705932230889,12.159507401381866,experiments/mnist/outputs/benchmark/powerspherical/dim_5/seed_4
powerspherical,5,6,3,39,105.85813971410823,117.98343001739889,12.125290327434298,1115.4490948913574,1460.7402221679683,1945.928955078125,243.8934264460113,106.00741741325282,118.15592821338508,12.148510993281498,experiments/mnist/outputs/benchmark/powerspherical/dim_5/seed_3
powerspherical,5,6,2,40,106.26766793939132,118.38304804548433,12.115380456175986,1107.7639848815918,1415.682763671875,1794.89111328125,243.72522268397734,106.26766793939132,118.38304804548433,12.115380456175986,experiments/mnist/outputs/benchmark/powerspherical/dim_5/seed_2
powerspherical,5,6,0,40,105.14307036580918,117.33856935138944,12.195498707928236,1145.6863128234863,1491.1595947265623,1998.6275634765625,243.08559726999374,105.14307036580918,117.33856935138944,12.195498707928236,experiments/mnist/outputs/benchmark/powerspherical/dim_5/seed_0
gaussian,3,3,1,38,119.31245142296899,128.48760571057284,9.175154046167302,,,,165.57689759199275,119.3108753252633,128.2442343989505,8.933358602885958,experiments/mnist/outputs/benchmark/gaussian/dim_3/seed_1
gaussian,3,3,4,40,116.74439809292177,125.8512462181381,9.10684781134883,,,,167.29458248597803,116.74439809292177,125.8512462181381,9.10684781134883,experiments/mnist/outputs/benchmark/gaussian/dim_3/seed_4
gaussian,3,3,3,37,118.96282379536689,128.04865921599955,9.085835251627088,,,,167.6172547210008,119.18881215928477,128.28575742697413,9.096945424623128,experiments/mnist/outputs/benchmark/gaussian/dim_3/seed_3
gaussian,3,3,2,40,119.15566794479949,128.20213076434558,9.046462481534935,,,,170.4165144370054,119.15566794479949,128.20213076434558,9.046462481534935,experiments/mnist/outputs/benchmark/gaussian/dim_3/seed_2
gaussian,3,3,0,38,119.07384867607793,128.42689388613158,9.353044739252404,,,,165.10338633798528,119.42124253285083,128.58934754963164,9.168105222001861,experiments/mnist/outputs/benchmark/gaussian/dim_3/seed_0
gaussian,2,2,1,38,133.21116232570213,140.18440362471569,6.973241806030273,,,,165.91475524700945,133.28155797644507,140.13224290292473,6.850684709186796,experiments/mnist/outputs/benchmark/gaussian/dim_2/seed_1
gaussian,2,2,4,40,132.3920667624172,139.3723408179947,6.98027392882335,,,,165.2890979560325,132.3920667624172,139.3723408179947,6.98027392882335,experiments/mnist/outputs/benchmark/gaussian/dim_2/seed_4
gaussian,2,2,3,40,132.8128742266305,139.64187313031547,6.82899906665464,,,,165.79413071100134,132.8128742266305,139.64187313031547,6.82899906665464,experiments/mnist/outputs/benchmark/gaussian/dim_2/seed_3
gaussian,2,2,2,40,133.97280961048753,140.94322658490532,6.970416455329219,,,,165.7445798710105,133.97280961048753,140.94322658490532,6.970416455329219,experiments/mnist/outputs/benchmark/gaussian/dim_2/seed_2
gaussian,2,2,0,38,132.97108642964423,139.87034944944745,6.899263200880606,,,,167.9518093499937,133.18843020668513,140.06547768508332,6.87704810009727,experiments/mnist/outputs/benchmark/gaussian/dim_2/seed_0
gaussian,10,10,1,40,81.27303468728367,100.47156785409662,19.198533239243904,,,,170.95816173398634,81.27303468728367,100.47156785409662,19.198533239243904,experiments/mnist/outputs/benchmark/gaussian/dim_10/seed_1
gaussian,10,10,4,40,81.0531599793253,100.57187536698353,19.51871560495111,,,,169.32504770200467,81.0531599793253,100.57187536698353,19.51871560495111,experiments/mnist/outputs/benchmark/gaussian/dim_10/seed_4
gaussian,10,10,3,40,80.70644214485264,100.22510895547988,19.518667027920106,,,,170.1528452759958,80.70644214485264,100.22510895547988,19.518667027920106,experiments/mnist/outputs/benchmark/gaussian/dim_10/seed_3
gaussian,10,10,2,40,81.27455110187772,100.50190966642356,19.227359023275255,,,,170.77944114495767,81.27455110187772,100.50190966642356,19.227359023275255,experiments/mnist/outputs/benchmark/gaussian/dim_10/seed_2
gaussian,10,10,0,40,81.02324377132368,100.56162310250198,19.538379138029075,,,,167.51154719799524,81.02324377132368,100.56162310250198,19.538379138029075,experiments/mnist/outputs/benchmark/gaussian/dim_10/seed_0
gaussian,20,20,1,40,74.82242593885977,98.03860039047048,23.21617418603052,,,,166.35548405803274,74.82242593885977,98.03860039047048,23.21617418603052,experiments/mnist/outputs/benchmark/gaussian/dim_20/seed_1
gaussian,20,20,4,40,75.09128734733486,98.35092674931393,23.259639522697352,,,,166.52325507899513,75.09128734733486,98.35092674931393,23.259639522697352,experiments/mnist/outputs/benchmark/gaussian/dim_20/seed_4
gaussian,20,20,3,39,74.90496227409267,98.19214765331414,23.287185137784935,,,,166.25634889502544,75.13899549653259,98.2550055588348,23.1160099657276,experiments/mnist/outputs/benchmark/gaussian/dim_20/seed_3
gaussian,20,20,2,38,75.52811827840684,98.51829113537752,22.990172905257985,,,,166.16648123099003,75.75041459481928,98.18899188464201,22.438577241535427,experiments/mnist/outputs/benchmark/gaussian/dim_20/seed_2
gaussian,20,20,0,38,75.05578062805948,98.29772842986674,23.241947584514378,,,,169.38162327802274,75.2092696564107,98.24393057521385,23.034661184383346,experiments/mnist/outputs/benchmark/gaussian/dim_20/seed_0
gaussian,5,5,1,40,104.043212890625,116.39132236529001,12.348109052151065,,,,169.26228416000959,104.043212890625,116.39132236529001,12.348109052151065,experiments/mnist/outputs/benchmark/gaussian/dim_5/seed_1
gaussian,5,5,4,40,100.88833791998368,113.58238056037999,12.694042278241508,,,,166.02855347300647,100.88833791998368,113.58238056037999,12.694042278241508,experiments/mnist/outputs/benchmark/gaussian/dim_5/seed_4
gaussian,5,5,3,40,103.23705687703965,115.81812189802339,12.581064996840079,,,,166.36267500498798,103.23705687703965,115.81812189802339,12.581064996840079,experiments/mnist/outputs/benchmark/gaussian/dim_5/seed_3
gaussian,5,5,2,39,102.16099239301077,114.65334600134742,12.492353511762015,,,,167.3538066779729,102.14097633844689,114.7005824801288,12.55960558637788,experiments/mnist/outputs/benchmark/gaussian/dim_5/seed_2
gaussian,5,5,0,37,101.65796149531498,114.16750383980667,12.509542658359189,,,,169.63471830298658,101.75614388381379,114.29508383062822,12.538939862311642,experiments/mnist/outputs/benchmark/gaussian/dim_5/seed_0
spcauchy,3,4,1,39,116.64985144892826,126.53638332704955,9.886531250386298,0.9693368077039719,0.9785161405801773,0.9869771599769592,172.46303433697904,116.81174758717984,126.5782105651083,9.766462724420089,experiments/mnist/outputs/benchmark/spcauchy/dim_3/seed_1
spcauchy,3,4,4,36,117.00298106519482,126.88128382042993,9.87830274316329,0.9691559540748597,0.9789506196975708,0.9873262047767639,172.57326313800877,116.88819972171059,126.5565583434286,9.668358826939064,experiments/mnist/outputs/benchmark/spcauchy/dim_3/seed_4
spcauchy,3,4,3,40,115.80260776568063,125.63328320467019,9.830674931972842,0.9687987264394761,0.9777752816677093,0.9848862290382385,172.5258938660263,115.80260776568063,125.63328320467019,9.830674931972842,experiments/mnist/outputs/benchmark/spcauchy/dim_3/seed_3
spcauchy,3,4,2,40,117.01142690151552,126.78932856306245,9.77790149254135,0.9682892884790897,0.9772169530391693,0.9836111664772034,171.9968790730345,117.01142690151552,126.78932856306245,9.77790149254135,experiments/mnist/outputs/benchmark/spcauchy/dim_3/seed_2
spcauchy,3,4,0,37,115.73924593382245,125.63237511357174,9.893129348754883,0.9693477178156376,0.9788361340761185,0.9855849146842957,173.61909679399105,115.8709110308297,125.85841707640057,9.987505792062494,experiments/mnist/outputs/benchmark/spcauchy/dim_3/seed_0
spcauchy,2,3,1,38,129.79492284074615,137.43730144259297,7.642379217509982,0.9829816511809826,0.9915488302707672,0.9951351284980774,195.2221719720401,130.0744850062117,137.7429380779025,7.668452232698851,experiments/mnist/outputs/benchmark/spcauchy/dim_2/seed_1
spcauchy,2,3,4,40,130.10502209240877,137.79749211178552,7.692469693437407,0.9834202784836292,0.9914876878261566,0.9968321919441223,195.67570650600828,130.10502209240877,137.79749211178552,7.692469693437407,experiments/mnist/outputs/benchmark/spcauchy/dim_2/seed_4
spcauchy,2,3,3,40,130.8546737477749,138.54345423058618,7.688779849040357,0.9838390272855758,0.9900746643543243,0.995462954044342,195.84751296701143,130.8546737477749,138.54345423058618,7.688779849040357,experiments/mnist/outputs/benchmark/spcauchy/dim_2/seed_3
spcauchy,2,3,2,40,130.49203027652788,138.10118576242954,7.609155654907227,0.9830017985343933,0.9903336256742478,0.994157075881958,195.57846306503052,130.49203027652788,138.10118576242954,7.609155654907227,experiments/mnist/outputs/benchmark/spcauchy/dim_2/seed_2
spcauchy,2,3,0,40,130.18213315553302,137.88529958604258,7.703165235398691,0.9838362312853336,0.9908348321914673,0.9948787689208984,195.87510690197814,130.18213315553302,137.88529958604258,7.703165235398691,experiments/mnist/outputs/benchmark/spcauchy/dim_2/seed_0
spcauchy,10,11,1,40,80.35461850709552,100.73134506805033,20.376726560954808,0.8813174759149551,0.9102029979228973,0.9291683435440063,173.34593425696949,80.35461850709552,100.73134506805033,20.376726560954808,experiments/mnist/outputs/benchmark/spcauchy/dim_10/seed_1
spcauchy,10,11,4,40,80.82973731318607,101.17386617539805,20.344129176079473,0.8809514531373978,0.9091298520565033,0.9320073127746582,173.26107963599497,80.82973731318607,101.17386617539805,20.344129176079473,experiments/mnist/outputs/benchmark/spcauchy/dim_10/seed_4
spcauchy,10,11,3,39,80.06650726704657,100.4931310339819,20.4266239359409,0.8817295924127102,0.9111798793077469,0.9297242164611816,173.5237049050047,80.09725758999208,100.54354906685745,20.446291066423246,experiments/mnist/outputs/benchmark/spcauchy/dim_10/seed_3
spcauchy,10,11,2,40,79.83938695207426,100.31669587726834,20.47730894933773,0.8823109430909157,0.9125974774360657,0.932594895362854,173.27864750102162,79.83938695207426,100.31669587726834,20.47730894933773,experiments/mnist/outputs/benchmark/spcauchy/dim_10/seed_2
spcauchy,10,11,0,40,80.41944006424916,100.91530454611477,20.49586460258387,0.8827844561636448,0.9103194385766983,0.9334428310394287,173.7164174860227,80.41944006424916,100.91530454611477,20.49586460258387,experiments/mnist/outputs/benchmark/spcauchy/dim_10/seed_0
spcauchy,20,21,1,39,74.01355733750742,101.62553878977329,27.611981669558755,0.7743744387447834,0.8282961815595626,0.858963131904602,172.9236634989502,74.38258477705944,101.68806467176992,27.30547953255569,experiments/mnist/outputs/benchmark/spcauchy/dim_20/seed_1
spcauchy,20,21,4,39,74.47846820686436,101.71514351760285,27.236675334882133,0.7702008075475693,0.8281198412179946,0.8692768812179565,173.77852267801063,74.52531616597236,101.64165226417252,27.11633643621131,experiments/mnist/outputs/benchmark/spcauchy/dim_20/seed_4
spcauchy,20,21,3,38,74.64940604680702,101.96256294733361,27.31315723853775,0.7709983033657074,0.8287525504827499,0.8676339983940125,173.6992606120184,74.83763711663741,101.60475390470481,26.767117101934893,experiments/mnist/outputs/benchmark/spcauchy/dim_20/seed_3
spcauchy,20,21,2,36,74.76739753047123,102.0589052997058,27.29150788995284,0.7711132811069489,0.8263258814811706,0.8630583882331848,173.08358145703096,74.89893640445757,102.11976391756082,27.22082780282709,experiments/mnist/outputs/benchmark/spcauchy/dim_20/seed_2
spcauchy,20,21,0,40,74.24973828279519,101.66164272646361,27.411904250519186,0.7719986559510231,0.830119514465332,0.8666609525680542,173.30987023899797,74.24973828279519,101.66164272646361,27.411904250519186,experiments/mnist/outputs/benchmark/spcauchy/dim_20/seed_0
spcauchy,5,6,1,38,100.14199182051647,113.39384325244758,13.251851782014098,0.9379015833437443,0.9525172799825669,0.9646963477134705,175.0990870000096,100.07042124301573,113.27800393406349,13.207582377180268,experiments/mnist/outputs/benchmark/spcauchy/dim_5/seed_1
spcauchy,5,6,4,40,100.01550650294823,113.27802035174793,13.262513885015174,0.9380319468259811,0.9524952322244644,0.9674363732337952,173.00212656601798,100.01550650294823,113.27802035174793,13.262513885015174,experiments/mnist/outputs/benchmark/spcauchy/dim_5/seed_4
spcauchy,5,6,3,40,100.18408376959306,113.42500575584701,13.24092201039761,0.9377518907785416,0.9530048340559005,0.9648784399032593,172.7789796940051,100.18408376959306,113.42500575584701,13.24092201039761,experiments/mnist/outputs/benchmark/spcauchy/dim_5/seed_3
spcauchy,5,6,2,38,100.17579090746143,113.42247134824342,13.246680283848244,0.9378512150764465,0.9529880553483963,0.9657533764839172,173.7792963850079,100.2518560675126,113.47513029846964,13.223274339603472,experiments/mnist/outputs/benchmark/spcauchy/dim_5/seed_2
spcauchy,5,6,0,39,100.57391415366644,113.78830207148685,13.21438777295849,0.9374164897859096,0.9529988378286361,0.9665761590003967,173.2101279440103,100.79752031157288,114.06604148768172,13.268521284755272,experiments/mnist/outputs/benchmark/spcauchy/dim_5/seed_0
vmf,3,4,1,40,118.1533365370352,127.20588799971569,9.052551861050762,1014.5359032897949,1594.4208435058592,2235.651611328125,290.72251216397854,118.12314808519581,127.17569993417474,9.052551861050762,experiments/mnist/outputs/benchmark/vmf/dim_3/seed_1
vmf,3,4,4,39,118.37385279015649,127.40379681164706,9.029944262927092,1000.2339740325928,1581.1586181640625,2206.294189453125,291.6148341910448,118.28987730002102,127.36485908604875,9.074981725668605,experiments/mnist/outputs/benchmark/vmf/dim_3/seed_4
vmf,3,4,3,40,118.5234625128251,127.59130067463163,9.067837944513634,1033.7390273345948,1693.231469726562,2715.940673828125,292.19384800700936,118.51557227026058,127.58340985261941,9.067837944513634,experiments/mnist/outputs/benchmark/vmf/dim_3/seed_3
vmf,3,4,2,40,118.56499007985562,127.55118348326864,8.98619364484956,956.9277223052978,1393.632470703125,1850.8695068359375,292.7297493930091,118.54374936260754,127.52994276602057,8.98619364484956,experiments/mnist/outputs/benchmark/vmf/dim_3/seed_2
vmf,3,4,0,39,117.658858673482,126.70767752731902,9.048818853837025,1007.2002755004883,1550.0257507324218,2304.82861328125,291.01746803399874,117.70093420487416,126.78564115113849,9.084707272203662,experiments/mnist/outputs/benchmark/vmf/dim_3/seed_0
vmf,2,3,1,39,131.31878729711605,138.12933291664606,6.810545486739919,1343.2694126922606,2511.591748046874,4021.501708984375,294.3876827820204,131.72708834877497,138.59117213381995,6.864083326315578,experiments/mnist/outputs/benchmark/vmf/dim_2/seed_1
vmf,2,3,4,40,130.58636020708687,137.49615748924546,6.909796998470644,1467.4290341247558,2640.639721679687,4268.6669921875,293.5393153859768,130.72246348706983,137.6322607692284,6.909796998470644,experiments/mnist/outputs/benchmark/vmf/dim_2/seed_4
vmf,2,3,3,37,133.82575525211382,140.53248065031028,6.706725639632985,1173.5610272735596,1930.5035156249996,3246.693115234375,292.030699681025,133.77748764617533,140.54288328146632,6.765394705760328,experiments/mnist/outputs/benchmark/vmf/dim_2/seed_3
vmf,2,3,2,40,131.48237822327434,138.3011745018295,6.818796574314939,1315.216419921875,2170.1815185546875,3312.04052734375,294.5055720550008,131.4253792098806,138.24417587473422,6.818796574314939,experiments/mnist/outputs/benchmark/vmf/dim_2/seed_2
vmf,2,3,0,39,132.95824953875965,139.74591209315045,6.787662578534476,1284.9602860595703,2280.1146118164056,3435.95751953125,310.3246060680249,133.01519234572785,139.77453429789483,6.7593425436864925,experiments/mnist/outputs/benchmark/vmf/dim_2/seed_0
vmf,10,11,1,40,83.91770326638523,103.40700357171553,19.48930045019222,467.82994410705567,644.3195495605469,839.5945434570312,293.6902894579689,83.97248782387263,103.4617879360537,19.48930045019222,experiments/mnist/outputs/benchmark/vmf/dim_10/seed_1
vmf,10,11,4,39,83.4369220009333,103.0310564644729,19.594134197959416,478.569808543396,676.0033508300781,945.582763671875,294.0950074780267,83.70870633668537,103.28534553624407,19.576639730719073,experiments/mnist/outputs/benchmark/vmf/dim_10/seed_4
vmf,10,11,3,40,82.99135000494462,102.68355676192272,19.692206418966943,485.72259943389895,655.5372467041014,838.536865234375,293.5755385670345,82.97877434839177,102.67098062249678,19.692206418966943,experiments/mnist/outputs/benchmark/vmf/dim_10/seed_3
vmf,10,11,2,40,83.43041905270347,103.0391859223571,19.60876720766478,476.1720622772217,632.8295684814453,815.8231811523438,293.4444286840153,83.45601547820658,103.06478273415867,19.60876720766478,experiments/mnist/outputs/benchmark/vmf/dim_10/seed_2
vmf,10,11,0,40,83.13091278076172,102.71094976497602,19.580036791065073,476.4326118728638,649.0204620361328,854.2028198242188,293.390925596992,83.1561137332192,102.73615052428427,19.580036791065073,experiments/mnist/outputs/benchmark/vmf/dim_10/seed_0
vmf,20,21,1,39,77.00334717955771,103.59269685383084,26.589350012284292,279.4200775680542,407.1065979003906,548.06005859375,296.24804003804456,77.17268390896955,103.63378664813465,26.46110312546356,experiments/mnist/outputs/benchmark/vmf/dim_20/seed_1
vmf,20,21,4,40,77.36087721812574,103.75490628013128,26.394029086149192,275.3572413887024,411.38850097656245,564.8599853515625,296.2213867820101,77.38226791574985,103.77629688118077,26.394029086149192,experiments/mnist/outputs/benchmark/vmf/dim_20/seed_4
vmf,20,21,3,40,76.63171087337446,103.18662358537505,26.55491254299502,281.13593607330324,426.2989334106445,592.1674194335938,296.29605841700686,76.83425362502473,103.38916614387608,26.55491254299502,experiments/mnist/outputs/benchmark/vmf/dim_20/seed_3
vmf,20,21,2,24,177.86036546924447,179.7146905826617,1.8543252567701702,9.9958151386261,10.040583753585816,10.143733024597168,306.5612549019861,177.6887780684459,179.54560658901553,1.856827904906454,experiments/mnist/outputs/benchmark/vmf/dim_20/seed_2
vmf,20,21,0,40,77.38880215415472,103.86844200424001,26.47964004323452,277.6873764572143,415.7058853149414,569.9758911132812,296.8386972420267,77.43920985354653,103.91885047622874,26.47964004323452,experiments/mnist/outputs/benchmark/vmf/dim_20/seed_0
vmf,5,6,1,40,105.33644780026206,117.56763738318335,12.231189715711377,581.7946591339112,740.9024993896484,941.7617797851562,293.907137289003,105.44117051136645,117.6723605771608,12.231189715711377,experiments/mnist/outputs/benchmark/vmf/dim_5/seed_1
vmf,5,6,4,40,104.36113207853293,116.6811611320399,12.320029560523697,607.5330146331787,828.6603393554683,1127.423828125,293.80960384197533,104.30716444570807,116.62719359578965,12.320029560523697,experiments/mnist/outputs/benchmark/vmf/dim_5/seed_4
vmf,5,6,3,40,104.23034658311289,116.56717952293685,12.336833410625216,606.9050263885498,772.7809936523437,940.3448486328125,294.30234318296425,104.24944315077383,116.58627667004549,12.336833410625216,experiments/mnist/outputs/benchmark/vmf/dim_5/seed_3
vmf,5,6,2,39,104.45437564125544,116.74640317506427,12.29202772695807,589.8956401245117,658.0256530761718,738.9208984375,294.4664149490418,104.3639002932778,116.64706015285057,12.28315961813625,experiments/mnist/outputs/benchmark/vmf/dim_5/seed_2
vmf,5,6,0,37,104.3914632676523,116.65030013458639,12.258836806574955,588.1725375335693,756.5550170898437,1000.5292358398438,294.37214734900044,104.4551428299916,116.75649213187302,12.301349084588546,experiments/mnist/outputs/benchmark/vmf/dim_5/seed_0
