competitor,metric,direction,num_paired_seeds,spcauchy_minus_competitor_mean,paired_difference_std,paired_t_ci_low,paired_t_ci_high,paired_t_p_value,paired_wilcoxon_p_value,is_primary_metric,secondary_bh_q_value
gaussian_isotropic,test_gap_reconstruction_nll,lower,5,-50.24342490842607,3.271649127672576,-54.30571384501186,-46.181135971840284,4.290519703052925e-06,0.0625,True,
gaussian_isotropic,test_gap_pixel_mse,lower,5,-0.000981316893330249,6.389939869078593e-05,-0.0010606584761914666,-0.0009019753104690314,4.290520138980787e-06,0.0625,False,4.245912958675185e-05
gaussian_isotropic,test_gap_psnr_db,higher,5,1.4090342034233934,0.02793352843767974,1.3743501468195254,1.4437182600272613,3.70510691562982e-08,0.0625,False,1.7784513195023137e-06
gaussian_isotropic,test_gap_ssim,higher,5,0.02455001696171588,0.004971958266295451,0.018376515381885217,0.030723518541546545,0.0003825859027896919,0.0625,False,0.0018364123333905213
gaussian_isotropic,test_observed_reconstruction_nll,lower,5,-41.147395849147166,2.6998317962208906,-44.499679791720446,-37.79511190657389,4.422825649355144e-06,0.0625,False,4.245912958675185e-05
gaussian_isotropic,test_observed_pixel_mse,lower,5,-0.0008036600750652032,5.2731090806508316e-05,-0.0008691343721056581,-0.0007381857780247483,4.422825998619985e-06,0.0625,False,4.245912958675185e-05
gaussian_isotropic,test_observed_psnr_db,higher,5,1.3787698914462303,0.04601359608254748,1.3216364657626414,1.4359033171298192,2.9726523879243347e-07,0.0625,False,7.134365731018404e-06
gaussian_isotropic,test_observed_ssim,higher,5,0.022456337352278366,0.005209603011572959,0.015987760847874316,0.028924913856682416,0.0006479408424392847,0.0625,False,0.0028273782215532425
gaussian_isotropic,pose_test_observed_mean_error_degrees,lower,5,1.2292168405979453,1.1301221025892714,-0.17401508776149366,2.632448768957384,0.07181503499650772,0.125,False,0.13591827554231956
gaussian_isotropic,pose_test_gap_mean_error_degrees,lower,5,-4.935350958965455,1.6194556931160098,-6.946170789793728,-2.9245311281371826,0.002423840570931237,0.0625,False,0.007831942263146593
gaussian_isotropic,pose_test_gap_median_error_degrees,lower,5,-3.962133026123047,2.2449873427066436,-6.749652985985023,-1.1746130662610716,0.016869006140263113,0.0625,False,0.044984016374034964
gaussian_isotropic,pose_test_gap_q90_error_degrees,lower,5,-0.44154876708985286,0.48909894834912854,-1.048845322814288,0.16574778863458234,0.1136688923479364,0.125,False,0.1948609583107481
gaussian_isotropic,geometry_test_spearman,higher,5,0.03609070357050964,0.006734552616686568,0.027728652042360975,0.04445275509865831,0.0002779498316124274,0.0625,False,0.001610782268112174
gaussian_isotropic,geometry_test_cross_gap_spearman,higher,5,0.0508904649784027,0.00678434454070615,0.04246658861079762,0.059314341346007785,7.404153489075894e-05,0.0625,False,0.0005923322791260715
gaussian_isotropic,interpolation_interior_pixel_mse,lower,5,-0.00019553210000567908,0.00014466813003213426,-0.00037516130875404094,-1.5902891257317227e-05,0.03907680072728657,0.125,False,0.0815515841265111
gaussian_isotropic,interpolation_interior_psnr_db,higher,5,0.1021392201670892,0.09480109894158914,-0.01557189137883501,0.21985033171301344,0.07362239925208976,0.125,False,0.13591827554231956
gaussian_isotropic,interpolation_interior_ssim,higher,5,-0.001794965396324799,0.0035982673951665176,-0.006262804476813501,0.0026728736841639027,0.32714997554661945,0.625,False,0.4618587890069922
powerspherical,test_gap_reconstruction_nll,lower,5,-7.2067162234694795,2.9088762060061724,-10.8185630836989,-3.594869363240059,0.005191053168423709,0.0625,True,
powerspherical,test_gap_pixel_mse,lower,5,-0.0001407561768115826,5.681398674450303e-05,-0.00021130005874665786,-7.021229487650731e-05,0.005191052546067748,0.0625,False,0.014657089541838348
powerspherical,test_gap_psnr_db,higher,5,0.2057993183135977,0.14301836666689283,0.028218561341411624,0.3833800752857838,0.03235306168711966,0.0625,False,0.0705884982264429
powerspherical,test_gap_ssim,higher,5,0.0019680340290070264,0.00636024996545891,-0.005929259372680037,0.00986532743069409,0.527065160281153,0.625,False,0.6324781923373836
powerspherical,test_observed_reconstruction_nll,lower,5,-6.260686894906263,2.059690292291788,-8.818130178294764,-3.703243611517762,0.002447481954059702,0.0625,False,0.007831942263146593
powerspherical,test_observed_pixel_mse,lower,5,-0.00012227904083833677,4.022832600970022e-05,-0.0001722291049525856,-7.232897672408792e-05,0.00244748195723331,0.0625,False,0.007831942263146593
powerspherical,test_observed_psnr_db,higher,5,0.20717216877205685,0.14073749172035743,0.032423492105388696,0.381920845438725,0.030170258859284416,0.0625,False,0.06896059167836438
powerspherical,test_observed_ssim,higher,5,0.0015290864832187001,0.006476324395178476,-0.006512332358963181,0.009570505325400581,0.6254685392403049,0.625,False,0.6981974391519682
powerspherical,pose_test_observed_mean_error_degrees,lower,5,0.08673695994633875,1.007439778305849,-1.1641647431344155,1.3376386630270931,0.856716056968273,1.0,False,0.8923821768130772
powerspherical,pose_test_gap_mean_error_degrees,lower,5,-1.3550958308997054,1.2417029906913504,-2.8968737309030987,0.1866820691036879,0.07118795006126442,0.125,False,0.13591827554231956
powerspherical,pose_test_gap_median_error_degrees,lower,5,-1.0087867736816407,1.3473964328723533,-2.681800415687417,0.6642268683241352,0.1694180235722036,0.3125,False,0.2804160390160611
powerspherical,pose_test_gap_q90_error_degrees,lower,5,0.049052734374993176,0.5446082510153435,-0.6271677240354774,0.7252731927854636,0.8502114494556229,1.0,False,0.8923821768130772
powerspherical,geometry_test_spearman,higher,5,-0.003999205113380008,0.00574102549197277,-0.01112762977953265,0.003129219552772633,0.19431306053211145,0.1875,False,0.3109008968513783
powerspherical,geometry_test_cross_gap_spearman,higher,5,0.0003595532109648469,0.007165462013648091,-0.008537543001878636,0.00925664942380833,0.9160678336685042,1.0,False,0.9160678336685043
powerspherical,interpolation_interior_pixel_mse,lower,5,-3.1104477335854375e-05,0.00014394221852250644,-0.00020983234789682964,0.00014762339322512091,0.6542163263733315,1.0,False,0.7136905378618162
powerspherical,interpolation_interior_psnr_db,higher,5,0.032333886923613164,0.06753886013471165,-0.051526684185377716,0.11619445803260404,0.34468725756997975,0.4375,False,0.4683768136138877
powerspherical,interpolation_interior_ssim,higher,5,0.0002913946995028782,0.003849072656158908,-0.0044878602441201735,0.005070649643125929,0.8737908814628047,1.0,False,0.8923821768130772
vmf_robust,test_gap_reconstruction_nll,lower,5,-4.649489434736745,1.3842247844648656,-6.368231515028134,-2.930747354445357,0.001681740661372347,0.0625,True,
vmf_robust,test_gap_pixel_mse,lower,5,-9.081034058342798e-05,2.703564049682675e-05,-0.00012437952205671747,-5.724115911013847e-05,0.0016817406982797458,0.0625,False,0.006726962793118983
vmf_robust,test_gap_psnr_db,higher,5,0.13551831160651345,0.08328751001686369,0.032103208918538434,0.23893341429448847,0.021996949823467178,0.0625,False,0.05557124165928551
vmf_robust,test_gap_ssim,higher,5,0.002097583772959566,0.004449456073270102,-0.003427145644809009,0.00762231319072814,0.3512826102104158,0.4375,False,0.4683768136138877
vmf_robust,test_observed_reconstruction_nll,lower,5,-4.160335621364536,0.7929992586877761,-5.144974251479421,-3.1756969912496507,0.00030202166080443117,0.0625,False,0.001610782268112174
vmf_robust,test_observed_pixel_mse,lower,5,-8.125655537285763e-05,1.5488267012289583e-05,-0.00010048777891658458,-6.202533182913068e-05,0.00030202167527103264,0.0625,False,0.001610782268112174
vmf_robust,test_observed_psnr_db,higher,5,0.14908550561168282,0.05517774805343332,0.08057328235177684,0.2175977288715888,0.0037852510438560146,0.0625,False,0.011355753131568044
vmf_robust,test_observed_ssim,higher,5,0.0018002913881230986,0.004204567443748131,-0.003420368634798586,0.007020951411044783,0.39256899432493025,0.625,False,0.5092786953404501
vmf_robust,pose_test_observed_mean_error_degrees,lower,5,0.3592464520915115,1.2357052185071333,-1.1750842301213116,1.8935771343043346,0.5510920226198189,0.8125,False,0.6426111812275307
vmf_robust,pose_test_gap_mean_error_degrees,lower,5,-0.9745606626934602,1.073317154472461,-2.3072599320564233,0.3581386066695027,0.11217105835264161,0.3125,False,0.1948609583107481
vmf_robust,pose_test_gap_median_error_degrees,lower,5,-0.6539894104003906,1.5721380413513963,-2.606056616553,1.2980777957522185,0.4049338060677331,0.625,False,0.5114953339802945
vmf_robust,pose_test_gap_q90_error_degrees,lower,5,0.2657589721679642,0.525956077002126,-0.3873017532820624,0.9188196976179908,0.32169942178736405,0.4375,False,0.4618587890069922
vmf_robust,geometry_test_spearman,higher,5,-0.002820058737792873,0.004527358521211934,-0.008441516820542765,0.0028013993449570182,0.23609319507260595,0.3125,False,0.35413979260890893
vmf_robust,geometry_test_cross_gap_spearman,higher,5,-0.0009486472957751235,0.0033615860176410195,-0.005122607630745141,0.0032253130391948943,0.5622847835740893,0.8125,False,0.6426111812275307
vmf_robust,interpolation_interior_pixel_mse,lower,5,0.00010425655287906038,0.00015545124499077205,-8.87616615019345e-05,0.0002972747672600552,0.20808242836344254,0.3125,False,0.3221921471433949
vmf_robust,interpolation_interior_psnr_db,higher,5,-0.04927446326503073,0.03311936666765371,-0.09039758849956611,-0.00815133803049535,0.02919302615058082,0.0625,False,0.06896059167836438
vmf_robust,interpolation_interior_ssim,higher,5,-0.0010377016089580637,0.0032607104214534264,-0.005086408347844605,0.0030110051299284775,0.5160040797876234,0.625,False,0.6324781923373836
