train_loss,train_recon_loss,train_kl_loss,val_loss,val_recon_loss,val_kl_loss
84.2866032409668,84.2866032409668,464.9327740478516,77.02044442983774,77.02044442983774,346.8552504319411
74.93882293701172,74.93882293701172,580.4468762207031,73.62465726412259,73.62465726412259,338.75379356971155
71.4840673828125,71.4840673828125,589.2499084472656,67.83004966148964,67.83004966148964,347.38269981971155
66.8935157775879,66.8935157775879,606.0250036621094,61.991587712214546,61.991587712214546,356.28482759915863
61.355112380981446,61.355112380981446,629.6198278808594,57.305520864633415,57.305520864633415,365.9276076096755
52.71648078918457,52.71648078918457,642.53787109375,47.70413941603441,47.70413941603441,372.86961716871997
44.22756759643555,44.22756759643555,672.7141821289063,41.85550337571364,41.85550337571364,388.35340998722955
39.179043197631835,39.179043197631835,702.6562158203125,39.642957834097054,39.642957834097054,406.4202411358173
35.67549495697021,35.67549495697021,722.2022265625,35.59948378342848,35.59948378342848,416.6449232835036
32.98414554595947,32.98414554595947,730.5501220703125,35.162491431603065,35.162491431603065,434.39564162034253
36.056622924804685,32.06495475769043,299.3750952148437,35.96494762714092,32.2836352128249,276.0984285794772
36.736474685668945,30.678314247131347,227.18101806640624,38.18484526414137,31.033095433161808,268.19061279296875
38.17736328125,30.01634895324707,204.0253643798828,41.125778491680435,30.557050411517803,264.2182147686298
39.673141937255856,29.658078994750976,187.78242584228516,43.99999149029072,31.06846178494967,242.46616891714243
41.27444595336914,29.732313804626465,173.1319692993164,46.90994468102088,30.804116615882286,241.58741056002103
42.590516815185545,29.655972785949707,161.6818063354492,48.17547343327449,29.83175776554988,229.29644423264725
43.921909942626954,29.80040599822998,151.30182861328126,49.196978055513824,27.104613817655125,236.70389967698318
45.204128646850585,30.136912574768065,141.25515014648437,53.08518453744742,28.531244131234978,230.1931868333083
46.42017692565918,30.47054225921631,132.9136215209961,55.341087047870346,27.238262469951923,234.1902090219351
47.374413299560544,30.850763397216795,123.92736679077149,56.40377602210412,27.23049105130709,218.79962627704327
48.40747619628906,31.39388759613037,116.0017478942871,60.66962256798377,27.524160678570087,225.99179429274338
49.36675338745117,31.808959236145018,109.73621520996093,62.7677723811223,26.864652193509617,224.3945054274339
50.21321548461914,32.313147354125974,103.26962326049805,64.38628856952374,26.015996052668644,221.3670689509465
51.17218101501465,32.77192108154297,98.57281951904297,64.9105946467473,26.91004591721755,203.5743631216196
51.89774566650391,33.63948425292969,91.29130569458007,68.50448549710788,27.035028751079853,207.34728064903845
51.70150856018066,33.284319648742674,92.08594345092773,69.59468665489784,25.773884553175705,219.10400390625
51.11955688476562,32.841745262146,91.38905563354493,68.58065032958984,25.52666165278508,215.26993971604568
50.66964485168457,32.56936740875244,90.50138595581055,68.62584392841046,25.174156482403095,217.25842989408054
50.044864349365234,31.98969264984131,90.27585769653321,65.610231252817,24.312454370351936,206.48887869027945
49.48306541442871,31.575516052246094,89.537744140625,67.39204230675331,24.159087547889122,216.16476792555588
48.87492721557617,30.94169147491455,89.66617630004883,66.71040285550632,23.21318068871131,217.48610511192908
48.469009170532225,30.52827907562256,89.70364837646484,66.026366013747,23.3453862116887,213.40489548903244
47.879303817749026,30.16749496459961,88.55904251098633,64.41213930570163,21.4605042384221,214.75817166841946
47.261218566894534,29.57940860748291,88.4090478515625,64.29296581561749,21.783758897047775,212.54603341909555
46.63789627075195,28.9518119430542,88.43041915893555,65.79764674260066,20.92845344543457,224.3459672194261
46.0932999420166,28.335305709838867,88.78996871948242,63.866865598238434,20.722930908203125,215.71967022235577
45.80839042663574,28.1104719543457,88.48958908081055,61.99593294583834,19.552104509793796,212.21913733849158
45.37562431335449,27.617199363708497,88.7921221923828,63.995075519268326,19.119665292593147,224.3770493727464
44.989873809814455,27.177714233398437,89.06079498291015,63.57946043748122,19.279458559476414,221.50000939002405
44.530030517578126,26.78518424987793,88.72422897338868,61.475416036752556,18.763869065504807,213.55772752028244
44.09282745361328,26.440458946228027,88.26184020996094,63.067428882305435,18.603486427894005,222.31971153846155
43.61783218383789,25.84751319885254,88.8515933227539,62.050221076378456,18.582255143385666,217.33982731745795
43.41520347595215,25.61323616027832,89.00983428955078,62.498270768385666,18.408365689791164,220.44952040452225
43.20844871520996,25.334927291870116,89.36760482788085,62.20304195697491,17.203548358036922,224.9974646935096
42.66210746765137,24.870054054260255,88.96026565551757,61.91594989483173,16.865745030916653,225.2510211651142
42.261825714111325,24.48188732147217,88.89968887329101,61.83283879206731,16.76837319594163,225.32232431265024
41.728608016967776,23.849460830688475,89.39573486328125,61.63377468402569,16.88377262995793,223.75000704251804
41.478668975830075,23.690766410827635,88.93951202392579,60.247496384840744,16.529422686650204,218.59036607008713
41.00212074279785,23.175144500732422,89.1348794555664,61.04114239032452,15.377827130831205,228.31656822791467
40.61396537780762,22.87184658050537,88.71059371948242,61.25729017991286,15.964811911949745,226.46238708496094
40.35980690002442,22.650799217224122,88.5450358581543,59.181705474853516,14.965325722327599,221.08189274714545
40.06087036132813,22.307637023925782,88.76616409301758,60.16939955491286,15.09452827160175,225.37435208834134
39.70354507446289,21.90419189453125,88.99676315307617,58.94586651141827,14.679614800673265,221.33125539926382
39.30172607421875,21.525479240417482,88.88123260498047,57.81923470130334,14.139070877662071,218.40081200232873
38.942609252929685,21.212548866271973,88.65030029296875,58.052774282602165,13.971492033738356,220.40640845665564
38.67978698730469,21.00274513244629,88.38520721435548,58.17665393535908,13.678210698641264,222.4922121488131
38.19248733520508,20.634281997680663,87.79102447509766,57.89591627854567,13.273674157949594,223.1112060546875
37.9799087524414,20.340770454406737,88.19568923950196,58.26303511399489,12.901119598975548,226.809573833759
37.61359954833984,19.998786010742187,88.07406524658204,57.13308481069711,13.257023004385141,219.38030418982873
37.42107109069824,19.78426040649414,88.18405197143555,56.55649038461539,13.08704192821796,217.3472419151893
36.98392776489258,19.454983673095704,87.64471862792969,56.087324582613434,12.856525421142578,216.15399404672476
36.83032432556152,19.37360492706299,87.28359466552735,57.173076336200424,12.153239030104418,225.09918565016525
36.43915420532227,18.96383243560791,87.37660598754883,56.04534119826097,12.11339231637808,219.65973604642429
36.209304885864256,18.82736536026001,86.9096957397461,56.62511414747972,11.561591515174278,225.31760934682993
35.89062393188477,18.4858736038208,87.0237498474121,56.469697805551384,11.545138138991137,224.62279334435095
35.77236312866211,18.316529788970946,87.27916549682617,56.495182037353516,10.856590711153471,228.19295208270734
35.45592681884766,18.140570468902588,86.57678024291992,56.93603926438551,10.585887395418608,231.7507523756761
35.31053504943848,17.87555736541748,87.17488571166992,56.58728526188777,11.052932079021748,227.67176466721756
35.13458488464355,17.713050765991213,87.10766967773438,56.72146958571214,10.917143014761118,229.0216310941256
34.828103637695314,17.370882472991944,87.2861050415039,55.79471998948317,10.546207061180702,226.24255957970252
34.59889770507812,17.21919752120972,86.89850036621094,55.337364196777344,10.345843608562763,224.95759934645432
34.34409057617187,16.997087802886963,86.73501159667968,54.97480891301082,10.276845711928148,223.48981299767127
34.13599502563476,16.825473022460937,86.5526075744629,54.65879352276142,9.916437442486103,223.71177908090445
33.880865783691405,16.551560249328613,86.64652526855468,54.85264205932617,9.722805976867676,225.649173443134
33.65344161987305,16.318897914886474,86.67271820068359,54.564059037428635,9.304396042456993,226.29831049992487
33.461610641479496,16.191792125701905,86.34908905029297,54.50697091909555,9.349917558523325,225.78526071401743
33.203614196777345,15.933114147186279,86.35249801635742,54.28252997765174,9.037508744459887,226.225101177509
32.953941078186034,15.75768669128418,85.98126861572266,54.82573582575871,9.041374353262094,228.9218010535607
32.74067371368408,15.543912353515625,85.98380477905273,54.380286290095405,8.85302000779372,227.63632554274338
32.66177719116211,15.440451927185059,86.10662399291992,55.022310110238884,8.897192661578838,230.62558100773737
32.453369026184085,15.239087619781493,86.0714047241211,53.755584716796875,8.776194352370043,224.8969480074369
32.29666248321533,15.196991291046142,85.49835525512695,53.91037955650916,8.628095223353458,226.41141686072717
32.11352619171143,15.005544528961181,85.53990783691407,53.041561126708984,8.355057349571815,223.43251272348257
31.903391036987305,14.766788330078125,85.6830111694336,53.63103485107422,8.541906907008244,225.44563528207632
31.734864273071288,14.595772495269776,85.69545654296876,54.101922255295975,8.348370258624737,228.76775888296274
31.56729331970215,14.424187297821044,85.71552810668945,52.572401193472054,8.089094712184025,222.4165285550631
31.32512722015381,14.284024257659912,85.20551406860352,52.771088526799126,8.027602269099308,223.71742600661057
31.17206256866455,14.154414920806884,85.08823623657227,52.955186990591194,8.026849489945631,224.64168372521033
30.981964302062988,13.995026779174804,84.9346856689453,53.28077727097731,7.652039307814378,228.14369084284857
30.911955528259277,13.8308717918396,85.40541595458984,52.60825553307166,7.534393053788405,225.3693084716797
30.66820369720459,13.700707855224609,84.8374772644043,52.501737741323616,7.479786396026611,225.10975177471454
30.577969970703126,13.622039394378662,84.77965026855469,52.16498066828801,7.34755354661208,224.08713120680588
30.480425186157227,13.498090114593506,84.91167434692383,52.87982940673828,7.5992021927466755,226.40313485952524
30.27636734008789,13.3145387840271,84.809140625,52.00032160832332,7.371969333061805,223.14175884540265
30.075370025634765,13.121133136749268,84.77118301391602,51.566539177527794,6.932683761303242,223.16927513709436
29.917643852233887,13.049537391662598,84.34052947998048,52.182777698223404,7.106719383826623,225.38028540978064
29.743010215759277,12.876079158782959,84.33465454101562,51.498918973482574,6.9014811515808105,222.9871861384465
29.750999412536622,12.900630569458007,84.25184219360352,51.85354584913988,6.9274264849149265,224.6305917593149
29.432177810668946,12.572016086578369,84.30080749511718,51.719812833345856,6.719790165240948,225.00011033278244
29.393235321044923,12.508730773925782,84.42252120971679,51.299251556396484,6.682204063122089,223.08523794320914
29.236879234313964,12.418070316314697,84.09404281616212,51.619950808011566,6.510232118459848,225.54858985314002
29.166937713623046,12.287102355957032,84.39917526245117,51.69906469491812,6.485750051645132,226.06657174917368
28.961326789855956,12.145741577148437,84.0779232788086,50.990771953876205,6.355238180894118,223.17766864483173
28.873841705322267,12.098850231170655,83.87495651245118,51.366502908559944,6.337018269758958,225.14741750863882
28.737073402404786,11.899773197174072,84.18649932861328,51.37778267493615,6.267280065096342,225.55250784067007
28.57718868255615,11.87311918258667,83.52034561157227,51.23541054358849,5.913743422581599,226.60833153357873
28.43957878112793,11.712623329162598,83.63477523803711,50.946443411020134,5.95049080481896,224.9797586294321
28.336111602783202,11.621434574127198,83.57338272094727,51.31391789362981,5.86485063112699,227.2453355055589
28.266943855285646,11.523066463470458,83.71938446044922,50.62287169236403,5.820834196530855,224.0101823073167
28.080415191650392,11.451112384796142,83.14651336669922,50.79135366586539,5.571803129636324,226.09774780273438
28.017513122558594,11.307282905578614,83.55114929199219,51.01190390953651,5.657091214106633,226.77405841533954
27.85974624633789,11.211906890869141,83.23919540405274,51.21580740121695,5.7437609525827265,227.3602306659405
27.838342514038086,11.191697673797607,83.23322204589844,50.68774091280424,5.5117926230797405,225.8797384408804
27.703400535583498,11.046376819610595,83.28511581420898,50.118617424598106,5.429873136373667,223.44371736966647
27.48344352722168,10.882839603424072,83.00301773071288,50.04083574735201,5.540292263031006,222.50271254319412
27.423927459716797,10.83078977584839,82.96568664550782,50.66463763897236,5.316973025982197,226.73831763634314
27.31517562866211,10.683661518096924,83.15756896972657,49.95365729698768,5.194148210378794,223.79754169170673
27.094442977905274,10.597113666534424,82.48664443969727,49.49566709078275,5.239186360285832,221.28240145169772
27.118493690490723,10.604862422943116,82.56815292358398,49.363265404334435,5.212196900294377,220.75533470740686
27.032241401672362,10.45479461669922,82.88723297119141,49.751442249004654,5.262978553771973,222.44231473482571
26.91191993713379,10.41900197982788,82.46458801269532,50.53441502497746,5.080901732811561,227.26756286621094
26.783396911621093,10.237926731109619,82.72734939575196,49.91737453754131,5.052562603583703,224.32405559833234
26.700710906982422,10.171093215942383,82.64808654785156,49.562735924353966,4.962996556208684,222.99869361290564
26.636356391906737,10.156272144317628,82.40041961669922,49.33456127460186,5.036840182084304,221.4886028583233
26.463469200134277,10.043026962280273,82.1022103881836,50.04026911808894,4.818832214062031,226.10718360314002
26.31634189605713,9.881887474060058,82.17227035522461,49.63189491858849,4.923778864053579,223.54058133638821
26.215762214660643,9.82117790222168,81.97291900634765,49.088309654822716,4.7211067493145285,221.8360102726863
26.190856170654296,9.76575538635254,82.12550201416016,48.62227689302885,4.655327760256254,219.8347426194411
26.007358589172362,9.646658420562744,81.80349914550781,48.996910095214844,4.693897045575655,221.5150639460637
25.92478775024414,9.63027645111084,81.4725555419922,49.48051188542293,4.544818731454702,224.678463275616
25.917427787780763,9.581107139587402,81.6816014099121,48.92643444354717,4.692579636206994,221.16927161583533
25.834458351135254,9.467659873962402,81.83399169921876,48.56396983220027,4.685459173642672,219.39254878117487
25.747513160705566,9.388509578704834,81.79501586914063,49.133346851055435,4.548402327757615,222.92472369854266
25.639184875488283,9.335723037719726,81.51730728149414,49.38109911405123,4.347955575356116,225.16571514423077
25.50842903137207,9.285315265655518,81.11556793212891,48.85458520742563,4.265924875552837,222.94329599233774
25.45713970184326,9.172081260681152,81.42529113769531,49.053953610933746,4.422600177618174,223.1567664513221
25.41281768798828,9.143252773284912,81.34782241821289,49.106377821702225,4.247341467784001,224.29517540564905
25.24220630645752,9.023473234176636,81.09366455078126,48.52934001042293,4.1899536206172066,221.69693345289963
25.272153625488283,9.049751901626587,81.11200729370117,48.985580737774185,4.191318126825186,223.97130760779748
25.111018676757812,8.988615255355835,80.61201522827149,49.10770034790039,4.160095159824078,224.73802302433893
25.040413970947267,8.891546955108643,80.74433242797852,48.605636890117935,4.253773872668926,221.75931020883414
25.002424240112305,8.84265661239624,80.79883682250977,48.93005987314078,4.079808436907255,224.25125239445612
24.8856184387207,8.780823278427125,80.52397415161133,49.08377926166241,3.9300446326916036,225.76867206280048
24.836838684082032,8.667769041061401,80.8453466796875,48.7697519155649,4.101075667601365,223.34337557279147
24.78057849884033,8.66857229232788,80.56002975463868,48.507911682128906,3.9341776187603292,222.86866408128006
24.73148067474365,8.646316690444946,80.42581832885742,48.66131767859826,3.9929745380695048,223.34171119103064
24.660989723205567,8.57665210723877,80.42168777465821,49.03029075035682,4.023561184222881,225.03364445612982
24.587297019958495,8.497841281890869,80.44727676391602,48.296855633075424,3.9489185443291297,221.73968153733475
24.541801261901856,8.49371337890625,80.24043716430664,48.53704892672025,3.7617491025191088,223.87649184006912
24.410630226135254,8.395131349563599,80.07749282836915,49.00493680513822,3.819714619563176,225.92610637958234
24.379237174987793,8.341868829727172,80.18684051513672,47.9360231252817,3.782731844828679,220.7664513221154
24.244634704589842,8.293320074081421,79.75657196044922,47.91099196213942,3.8248423979832578,220.43074622521033
24.178481369018556,8.251822786331177,79.63329132080078,48.768705514761116,3.7608150152059703,225.0394510122446
24.13285583496094,8.194755268096923,79.69050033569336,48.268609267014725,3.6489709524007945,223.09818796011118
24.102005920410157,8.164947137832641,79.68529174804688,48.406644967886116,3.6562811778141904,223.75181462214545
24.004857444763182,8.087937955856324,79.58459533691406,48.18325776320238,3.6192732957693248,222.81991694523737
23.935638160705565,8.046769542694092,79.44434188842773,47.74076843261719,3.524441150518564,221.08163452148438
23.825229263305665,8.008638620376587,79.08295135498047,48.043019221379204,3.6616218090057373,221.906981248122
23.917668380737304,7.984946069717407,79.66360961914063,48.44156940166767,3.7487160792717567,223.4642592210036
23.82900909423828,7.999785356521606,79.14611679077149,48.058313809908356,3.4701663714188795,222.94073134202225
23.66905403137207,7.844528360366821,79.1226271057129,47.918707627516525,3.5401268005371094,221.89290208082932
23.668117141723634,7.8912719631195065,78.88422592163086,48.08012038010817,3.472379592748789,223.03870098407452
23.53003112792969,7.72564474105835,79.02192977905274,47.91028859065129,3.434175106195303,222.3805635892428
23.580459175109862,7.732627935409546,79.2391551208496,47.35669678908128,3.3992691957033596,219.78713050255408
23.47687744140625,7.7310672378540035,78.72904998779296,48.19778119600736,3.41676297554603,223.90508915827826
23.422646789550782,7.643066511154175,78.897900390625,47.635938791128304,3.4357346204610972,221.00101294884314
23.369144134521484,7.657856616973877,78.55643615722656,48.29258434589092,3.305268305998582,224.9365750826322
23.26713809967041,7.5580276775360105,78.54555145263672,47.67872619628906,3.340151254947369,221.69287109375
23.253917961120607,7.5363547801971436,78.58781539916993,47.70300204937275,3.4744717524601865,221.14264502892127
23.237257385253905,7.549519348144531,78.43868942260742,47.824403322660004,3.3459959763746996,222.39203585111179
23.14346580505371,7.447750339508056,78.47857620239257,47.59510744535006,3.364774960737962,221.1516606257512
23.062854347229003,7.418181667327881,78.2233625793457,47.3883417569674,3.477558502784142,219.55391634427585
23.066428146362306,7.393621978759765,78.3640299987793,47.578883537879356,3.2946535623990574,221.42114727313702
22.939807929992675,7.324787521362305,78.0751010131836,47.36148804884691,3.2283303921039286,220.66578439565805
22.940385704040526,7.364661159515381,77.87862197875977,47.55555050189678,3.3521059659811168,221.01721895658054
22.918487396240234,7.274868831634522,78.21809143066406,47.569051889272835,3.2964177498450646,221.36316739595853
22.844603652954103,7.225322484970093,78.0964045715332,47.122398376464844,3.3093325174771824,219.06532639723557
22.76716796875,7.2301191711425785,77.68524276733399,47.055317218487076,3.21845190341656,219.18432030310998
22.73753074645996,7.201498107910156,77.6801626586914,47.10635728102464,3.16029378084036,219.73031733586237
22.748274879455565,7.161117000579834,77.93578826904297,47.306764162503754,3.213490742903489,220.46636376014123
22.69180652618408,7.137256727218628,77.77274658203125,47.57116787250225,3.213256762577937,221.789553128756
22.648115119934083,7.093639516830445,77.77237731933593,47.91804005549504,3.228547829848069,223.4474592942458
22.525398941040038,7.013750228881836,77.55824279785156,47.53070772611178,3.1941412962399998,221.68282846304086
22.515532073974608,7.064345817565918,77.2559310913086,47.18239094660832,3.0320685460017276,220.7516068678636
22.434547729492188,6.971030082702637,77.31758728027344,47.00232520470252,3.08896281169011,219.56681119478665
22.494457397460938,7.0171724319458,77.38642333984374,46.76410792424129,2.9737819891709547,218.95162376990686
22.42441883087158,6.9627358341217045,77.30841430664063,46.986924978402946,3.1131736865410438,219.3687521127554
22.377511444091798,6.872945165634155,77.52283126831054,46.71701108492338,3.0185508728027344,218.49229783278244
22.25785659790039,6.858709764480591,76.99573333740234,46.8442388681265,2.940508383970994,219.5186485877404
22.262990951538086,6.88723123550415,76.87879776000976,46.87621835561899,2.956067653802725,219.60074674166165
22.197700996398925,6.834188232421875,76.81756301879882,46.97092672494742,3.0145900066082296,219.78167959359976
22.219408645629883,6.819640607833862,76.99883926391601,46.6950442974384,3.0054626648242655,218.44790297288162
22.10968635559082,6.76882758140564,76.70429336547852,47.10618591308594,3.109253406524658,219.98466022198016
22.080245628356934,6.686863136291504,76.96691177368164,46.766625330998345,2.931306545551007,219.17659231332632
22.00619785308838,6.657019271850586,76.74589218139648,46.535887204683746,3.0902471725757303,217.2281940166767
21.953916969299318,6.6447342586517335,76.5459130859375,46.58471063467172,2.9266987397120547,218.29005549504205
21.962915153503417,6.671001396179199,76.45956726074219,46.57926588792067,2.8908656193659854,218.44200016902045
21.881338844299318,6.5995353412628175,76.40901626586914,46.194517869215744,3.00315077488239,215.9568328857422
21.860587120056152,6.56720685005188,76.46689987182617,46.63960383488582,3.0286016831031213,218.0550091083233
21.82384323120117,6.579101133346557,76.22370956420899,46.63357514601488,2.8527953257927527,218.90389545147235
21.81364086151123,6.510587539672851,76.5152651977539,46.403441795936,2.955227393370408,217.2410689133864
21.735919761657716,6.496184329986573,76.19867568969727,46.30121583205003,2.9476554760566125,216.7677976168119
21.683816413879395,6.478282775878906,76.02766616821289,46.20674778864934,2.832248430985671,216.87249051607571
21.7570369720459,6.521139764785767,76.17948516845703,46.55023956298828,2.800690559240488,218.74774169921875
21.668760108947755,6.480339183807373,75.9421044921875,46.50284224290114,2.8400736221900353,218.3138404259315
21.586362113952635,6.409756727218628,75.88302612304688,46.471478095421425,2.872021491710956,217.99727571927585
21.576185150146486,6.410325212478638,75.82929885864257,46.75564369788537,2.9062565106611986,219.24693063589243
21.4841219329834,6.311057119369507,75.86532287597656,46.56858121431791,2.8823944055117092,218.43092933067908
21.51357807159424,6.347316627502441,75.83130599975586,46.28424659142127,2.7951925167670617,217.44527259239783
21.47764789581299,6.320836172103882,75.78405746459961,46.3755129300631,2.886613680766179,217.44449204664963
21.441573028564452,6.28258430480957,75.79494308471679,46.06847410935622,2.86248832482558,216.02992365910455
21.490945014953613,6.29342206954956,75.98761322021484,46.21829517071064,2.835133277452909,216.91580552321213
21.427477760314943,6.303201532363891,75.6213803100586,46.01264894925631,2.836773468897893,215.8793722299429
21.341154632568358,6.244110593795776,75.48521911621094,46.193214709942154,2.780091175666222,217.06561514047476
21.260775756835937,6.178581762313843,75.41096817016602,45.909796494704025,2.8547685879927416,215.27513944185696
21.26844608306885,6.198157253265381,75.35144226074219,46.01960607675406,2.8352280396681566,215.92188204251804
21.23321674346924,6.107056550979614,75.63080062866212,46.207501044640175,2.7885090571183424,217.09495544433594
21.202627449035646,6.126342687606812,75.38142272949219,46.27057765080379,2.776772774182833,217.4690199631911
21.14382713317871,6.1008361721038815,75.21495346069337,46.011757190410904,2.773702694819524,216.19026888333835
21.171982192993163,6.12469521522522,75.23643371582031,45.93574641301082,2.6503852880918064,216.4268035888672
21.05778968811035,6.09452522277832,74.8163215637207,46.14251239483173,2.740940992648785,217.00785358135516
21.077415466308594,6.008862800598145,75.34276290893554,46.40873982356145,2.676828916256244,218.65955411470853
21.030431900024414,6.028779802322387,75.00825973510742,45.81845444899339,2.746434991176312,215.36009451059195
20.98820209503174,5.987469110488892,75.00366424560546,45.734446598933296,2.6661171362950253,215.34164193960336
20.949553565979002,6.029918899536133,74.59817184448242,45.66915600116436,2.7412603084857645,214.63947354830228
20.957916526794435,5.995787973403931,74.81064239501953,45.82036884014423,2.7505777340668898,215.3489532470703
20.941414108276366,5.969130039215088,74.8614193725586,46.172278477595405,2.68273008786715,217.44773747370795
20.915675735473634,5.922913780212403,74.96380889892578,45.960232954758865,2.6002087042881894,216.80011807955228
20.897945289611815,5.94455039024353,74.76697357177734,46.06060086763822,2.7397774182833157,216.60411306527945
20.87107765197754,5.893847398757934,74.88615036010742,45.40610122680664,2.782096560184772,213.1200185922476
20.849111557006836,5.896414031982422,74.76348648071288,45.46944368802584,2.5598442187676063,214.5479959341196
20.851587181091308,5.932367315292359,74.5960971069336,45.692725254939155,2.617072187937223,215.37825833834134
20.79578269958496,5.865386056900024,74.651982421875,45.91772989126352,2.5956399899262648,216.61044663649338
20.75780490875244,5.847751674652099,74.55026504516601,45.48840420062725,2.695077290901771,213.96663254957932
20.726449546813964,5.833105745315552,74.46671829223632,45.7166862487793,2.567285730288579,215.7469987135667
20.633486671447756,5.764638214111328,74.34424087524414,45.4517214848445,2.63116192817688,214.10279611440805
20.67177936553955,5.809485816955567,74.31146652221679,45.392907069279595,2.5097471200502834,214.41579261192908
20.67835681915283,5.78210678100586,74.48124969482421,45.72433354304387,2.662214911901034,215.31058795635516
20.56999393463135,5.709312200546265,74.30340805053712,45.690696422870346,2.5669814348220825,215.61857252854568
20.572187271118164,5.734716739654541,74.1873518371582,45.589788290170524,2.4773568373460035,215.56215139535757
20.455471916198732,5.699067735671997,73.78202056884766,45.179589198185845,2.5111700479800882,213.34209383451022
20.490218658447265,5.714073572158814,73.8807243347168,45.47287045992338,2.5782336638523984,214.47318091759314
20.42360809326172,5.660168142318725,73.8171989440918,45.451487907996544,2.52702088539417,214.6223344069261
20.486921043395995,5.701307811737061,73.92806518554687,45.30371974064754,2.5912480446008535,213.56235093336838
20.408266448974608,5.5888740348815915,74.09696212768554,45.669592930720405,2.5902152978456936,215.39688345102164
20.42512756347656,5.642869825363159,73.9112873840332,45.38722229003906,2.53511722271259,214.2605226956881
20.388573455810548,5.614642305374145,73.86965454101562,45.579971900353065,2.5376561329914975,215.21157836914062
20.304404678344728,5.586823034286499,73.5879067993164,45.50616660484901,2.5903257590073805,214.57920250525842
20.33859802246094,5.605978002548218,73.66309875488281,45.4717151935284,2.5632668091700626,214.54224219689002
20.220553359985352,5.530772762298584,73.4489028930664,45.29769780085637,2.5961220539533176,213.50787353515625
20.27207805633545,5.535959253311157,73.68059265136719,45.36540046105018,2.587430137854356,213.88985032301682
20.336648445129395,5.549766216278076,73.93440994262696,45.08393096923828,2.502736339202294,212.90596477801984
20.14923038482666,5.5025503444671635,73.23339904785156,44.97803321251502,2.433600957577045,212.72215740497296
20.183213233947754,5.476085519790649,73.53563751220703,45.32641689593975,2.6047741999992957,213.60820711576022
20.270693397521974,5.583807954788208,73.43442611694336,45.399471282958984,2.488160573519193,214.55655024601862
20.14694839477539,5.424768133163452,73.6109001159668,45.26645249586839,2.5379954117995043,213.6422835129958
20.097829666137695,5.470546731948852,73.13641403198243,45.07088147676908,2.4828967589598436,212.93992262620193
20.131489562988282,5.4778208160400395,73.26834243774414,45.01166915893555,2.515674820313087,212.47996755746695
19.99649024963379,5.418919363021851,72.88785278320313,45.24065927358774,2.4595443652226376,213.90557157076321
20.145986709594727,5.4949983215332034,73.25494125366211,45.63110263531025,2.558910158964304,215.3609583928035
20.06830394744873,5.391491594314576,73.38406066894531,45.08361904437725,2.5589999052194448,212.6230914776142
20.005296745300292,5.409801483154297,72.97747528076172,44.9744139451247,2.486171694902273,212.4412102332482
20.021916275024413,5.403939094543457,73.08988388061523,45.12012716440054,2.414640004818256,213.52743178147537
19.964470138549803,5.32872106552124,73.17874420166015,45.300101647010216,2.460096707710853,214.2000227708083
19.90261287689209,5.3167622280120845,72.92925231933594,45.13590387197641,2.506987690925598,213.14457820012018
19.989810981750487,5.413393478393555,72.8820867919922,45.529299809382515,2.4729999028719387,215.281494140625
19.85297088623047,5.350318107604981,72.51326370239258,44.84576151921199,2.431454438429612,212.071529681866
19.821337203979493,5.261522493362427,72.79907196044923,45.203257927527794,2.4315917767011204,213.8583256648137
19.799997634887696,5.3125839519500735,72.43706817626953,44.732339712289665,2.6038112823779764,210.64263916015625
19.77896381378174,5.2624959468841555,72.58233840942383,45.14427008995643,2.5627666528408346,212.90750943697415
19.869058074951173,5.323997535705566,72.72530151367188,44.963160001314606,2.54549424464886,212.08832373985877
19.83989330291748,5.245911874771118,72.96990661621093,45.09197733952449,2.4155110579270582,213.382327740009
19.812597770690918,5.273037767410278,72.69779907226562,44.76335672231821,2.557146741793706,211.03104576697717
19.764981231689454,5.244278469085693,72.60351333618163,44.9420280456543,2.333256904895489,213.04385375976562
19.731072158813475,5.269442853927612,72.30814590454102,44.7917239849384,2.4389493557123036,211.7638702392578
19.761204643249513,5.194559841156006,72.83322280883789,44.87229537963867,2.5595612709338846,211.56366553673377
19.660987968444825,5.205283727645874,72.27852096557618,44.93343881460336,2.44683981858767,212.43298926720252
19.684058685302734,5.222439060211181,72.30809631347657,44.7077630849985,2.4080539850088267,211.49854337252103
19.681574363708496,5.227485179901123,72.27044509887695,44.22155321561373,2.561921101350051,208.29815556452826
19.63469306945801,5.193965682983398,72.20363632202148,44.71141110933744,2.4293361535439124,211.41036869929388
19.59948787689209,5.12617190361023,72.36657836914063,44.716677739070015,2.411066385415884,211.5280526968149
19.618048400878905,5.175823945999145,72.21112121582031,44.86537874661959,2.497039721562312,211.84169241098257
19.622041511535645,5.101603317260742,72.60218963623046,44.81675866933969,2.344854318178617,212.35951585036057
19.534035530090332,5.11300745010376,72.10513931274414,44.56007091815655,2.4071847108694224,210.7644289456881
19.563245391845705,5.114993982315063,72.2412565612793,44.83666581373949,2.373969316482544,212.313477736253
19.561619033813475,5.10288182258606,72.29368560791016,44.80912604698768,2.4736817524983334,211.6772202711839
19.480655212402343,5.075157542228698,72.02748779296876,44.635698758638824,2.415032276740441,211.10332899827225
19.497915992736818,5.093079137802124,72.02418350219726,44.53450452364408,2.374274574793302,210.8011451134315
19.428975296020507,5.086391229629516,71.71291976928711,44.59752566997822,2.347490283159109,211.2501725416917
19.373183975219728,5.01399019241333,71.79596740722656,44.425839350773735,2.4185418532444882,210.03648141714243
19.434965400695802,5.013815183639526,72.10575088500977,44.32554773183969,2.320645524905278,210.02450678898737
19.35405185699463,5.061703491210937,71.46174102783203,44.21241173377404,2.4631712711774387,208.74620056152344
19.366661682128907,4.992136497497558,71.87262557983398,44.65406681941106,2.4224201074013343,211.1582289475661
19.374682197570802,5.035229358673096,71.69726287841797,44.34263698871319,2.378262602365934,209.82186537522537
19.27943988800049,4.987793846130371,71.4582290649414,44.304139650785004,2.3318265034602237,209.86156404935397
19.295378265380858,4.995820760726929,71.49778579711914,44.66661629310021,2.4178820756765513,211.24366525503305
19.346198272705077,5.00648663520813,71.69855773925781,44.19174429086539,2.4123450334255514,208.8969926100511
19.285477333068847,4.94615149974823,71.69662780761719,44.12738389235277,2.3271972766289344,209.0009284386268
19.232487297058107,4.9737170219421385,71.2938508605957,44.203433110163765,2.2509523905240574,209.7624018742488
19.28769561767578,4.935236129760742,71.76229644775391,44.512792147122894,2.2854839655069203,211.13653681828424
19.258021087646483,4.949281940460205,71.5436947631836,44.20972530658428,2.3552217391821055,209.27251610389123
19.28069019317627,4.935253963470459,71.72717987060547,44.32999742948092,2.4251021513572106,209.52447040264423
19.23724498748779,4.939298238754272,71.4897329711914,44.424673520601715,2.4896644812363844,209.67504061185397
19.179411430358886,4.912577543258667,71.33416885375976,44.47754141000601,2.269666525033804,211.03937119704025
19.23548210144043,4.901562705039978,71.66959594726562,44.38992896446815,2.2952922124129076,210.47317857008713
19.12071647644043,4.908416042327881,71.06150085449218,44.18036680955153,2.3333734640708337,209.23496422400842
19.090688552856445,4.886976490020752,71.01855850219727,44.191343747652496,2.3378910468174863,209.2672600379357
19.099111824035646,4.884798746109009,71.07156478881836,44.642857184776894,2.315712571144104,211.63572105994592
19.12074077606201,4.832912902832032,71.43913848876953,44.17612105149489,2.3148095791156473,209.30655376727765
19.10893867492676,4.906703214645386,71.0111769104004,44.42030598567082,2.303061146002549,210.58622272198016
19.02570285797119,4.822886686325074,71.01407989501953,43.882684854360726,2.3362572284845204,207.73213547926682
19.074163131713867,4.868245697021484,71.02958602905274,44.496187063363884,2.2159241896409254,211.40131202110877
19.03667163848877,4.840432872772217,70.98119277954102,44.07632827758789,2.2435943530156064,209.16366459773138
18.9917395401001,4.807266426086426,70.9223649597168,44.166657374455376,2.262070573293246,209.52293043870193
18.931238098144533,4.793343763351441,70.68947021484375,44.01044698861929,2.2901962720430813,208.60125028170071
18.939274253845216,4.784641127586365,70.77316543579101,43.95526475172777,2.2167749129808865,208.69244502140924
18.948311080932616,4.758595409393311,70.94857788085938,43.82628162090595,2.3182609998262844,207.54009775015024
18.944780502319336,4.77404899597168,70.85365661621094,44.090910104604866,2.3648645144242506,208.6302267221304
18.855204429626465,4.718642072677612,70.68281021118165,44.42721968430739,2.23674724652217,210.95235736553485
18.93946075439453,4.80518144607544,70.67139617919922,44.11525491567758,2.2855151891708374,209.14869689941406
18.923573570251463,4.766524744033814,70.78524353027343,44.64875998863807,2.1750022814824033,212.36878497783954
18.94405891418457,4.815830912590027,70.64113922119141,44.38485512366662,2.1874026426902184,210.9872589111328
18.836348037719727,4.685093784332276,70.75627014160156,43.90438255896935,2.3177377719145555,207.93321932279147
18.850636863708495,4.7329545545578,70.58841018676758,44.06405786367563,2.3707336462461033,208.46661963829627
18.811101493835448,4.733030185699463,70.39035552978515,44.19568193875826,2.2318366582577047,209.81922090970554
18.82156135559082,4.68762752532959,70.66966827392578,44.18880814772386,2.3075065429394064,209.40650235689603
18.921124954223632,4.712091884613037,71.0451643371582,43.958601438082184,2.338974274121798,208.09813279371994
18.75730171203613,4.6718571615219116,70.42722137451172,43.78087674654447,2.257905419056232,207.61485290527344
18.789571952819824,4.674110283851624,70.57730773925782,44.137976719782905,2.3213604230147142,209.0830794114333
18.705869293212892,4.672357044219971,70.16755950927734,44.051116943359375,2.3320001638852634,208.5955787071815
18.680109481811524,4.671990189552307,70.0405955505371,43.91998907235953,2.210420085833623,208.54783747746393
18.793152198791503,4.666471843719482,70.6333999633789,43.851152860201324,2.277231317300063,207.8696030836839
18.715069618225098,4.645758271217346,70.34655670166016,44.00556799081656,2.2499070717738223,208.77830270620493
18.680365753173827,4.632682380676269,70.2384162902832,44.068739084097054,2.2564935500805197,209.06122178297775
18.621791610717775,4.5616087102890015,70.30091445922852,43.70295920738807,2.282610590641315,207.10173973670373
18.70185272216797,4.631744518280029,70.35053985595704,44.26639967698317,2.2705874351354747,209.97906024639423
18.615659294128417,4.59166910648346,70.11994979858399,44.068646944486176,2.3071335462423472,208.80756319486179
18.654460411071778,4.540464210510254,70.56997940063476,43.968549288236176,2.2564524595554056,208.56048231858475
18.66151279449463,4.589263739585877,70.36124450683593,44.13395221416767,2.225763724400447,209.54094050480768
18.629354972839355,4.625298318862915,70.02028213500977,43.68185542179988,2.2039693043782163,207.3894277719351
18.60078369140625,4.578233904838562,70.11274826049805,43.60258454542894,2.253559250098008,206.74512188251202
18.645311889648436,4.64311267375946,70.01099533081054,43.95795293954703,2.17787058536823,208.9004105788011
18.577475395202637,4.607667350769043,69.84903930664062,43.69189453125,2.2198645059879007,207.36015085073618
18.518854713439943,4.520086727142334,69.99383880615234,43.68247956496019,2.219204297432533,207.31636986365686
18.53519645690918,4.539931163787842,69.97632553100586,43.69449674166166,2.217948290017935,207.3827397273137
18.56298183441162,4.565161156654358,69.98910247802735,44.07650522085336,2.1526357393998365,209.61934133676382
18.45587963104248,4.509237203598023,69.73321182250976,43.60690777118389,2.2581505867151113,206.74378380408655
18.505963096618654,4.507667942047119,69.99147491455078,43.56570669320914,2.431725859642029,205.6698983999399
18.501342124938965,4.5374232244491575,69.81959396362305,43.66316105769231,2.234405224139874,207.1437730055589
18.479621543884278,4.553036584854126,69.63292373657227,43.617086557241585,2.1659399454410257,207.25573026216946
18.45612335205078,4.527970275878906,69.64076477050781,43.61055784959059,2.2201258677702684,206.95215313251202
18.47608039855957,4.561318492889404,69.57380859375,44.00508763239934,2.202633866896996,209.01226806640625
18.47876220703125,4.520591511726379,69.79085205078125,43.710731506347656,2.1796348828535814,207.65548001802884
18.432428436279295,4.475439944267273,69.78494125366211,43.614134274996246,2.2699160759265604,206.72108459472656
18.366620979309083,4.498076186180115,69.34272369384766,43.66027743999775,2.2921160001021166,206.84080153245193
18.4282177734375,4.4954891014099125,69.66364280700684,43.80107175386869,2.318633143718426,207.41218801645132
18.385763969421387,4.461685137748718,69.62039306640625,43.83344122079703,2.2388345094827504,207.97303419846756
18.308801231384276,4.469954175949097,69.19423400878907,43.696537017822266,2.2609153344080997,207.1781017596905
18.323909454345703,4.477760691642761,69.23074249267579,43.60601454514723,2.336695038355314,206.34659282977765
18.318796424865724,4.449703416824341,69.3454637145996,44.030884962815506,2.3192396347339335,208.55821932279147
18.376554908752443,4.447907581329345,69.64323669433594,43.56555351844201,2.1065989365944495,207.29476928710938
18.288302993774415,4.444306473731995,69.21998138427735,43.5154903118427,2.3271402212289662,205.94174546461838
18.299486198425292,4.4600104713439945,69.19737716674804,43.418658623328575,2.2638735129283023,205.773922259991
18.331956520080567,4.465781888961792,69.33087371826171,43.45572750384991,2.24144054376162,206.0714334341196
18.31413070678711,4.395124235153198,69.59503112792969,43.02774429321289,2.2787693372139564,203.744870699369
18.263633918762206,4.427225666046143,69.18204010009765,43.36019926804762,2.172108063331017,205.94045668381912
18.25420482635498,4.3787910270690915,69.37706817626953,43.41895969097431,2.237977678959186,205.9049060528095
18.30510322570801,4.439137554168701,69.3298272705078,43.82044454721304,2.1179186289127054,208.51262606107272
18.24001876831055,4.411980299949646,69.14019149780273,43.602923760047325,2.2221938921855044,206.90364544208234
18.259622802734373,4.427652535438537,69.15985092163086,43.43647648737981,2.0495793911126943,206.93447875976562
18.192273712158205,4.4066224288940425,68.92825485229493,43.39757361778846,2.249439001083374,205.74066983736478
18.225644569396973,4.348983693122864,69.38330429077149,43.64572495680589,2.248799415735098,206.984621488131
18.19115280151367,4.368989510536194,69.1108152770996,43.73298674363356,2.1546434347446146,207.89171306903546
18.207826652526855,4.367140169143677,69.20343078613281,43.803311568040115,2.2414687046637902,207.80920997032752
18.11246524810791,4.3266589021682735,68.92902969360351,43.439744802621696,2.1800695749429555,206.29837036132812
18.171924934387206,4.397407197952271,68.87258773803711,43.54151270939754,2.2066680009548483,206.67421311598557
18.20911102294922,4.352748413085937,69.28181213378906,43.5743282024677,2.1770206139637875,206.98653587928186
18.107294464111327,4.300599207878113,69.03347496032715,43.15713383601262,2.165138207949125,204.95997737004205
18.109997215270997,4.305356016159058,69.02320556640625,43.24628829956055,2.2196424099115224,205.1332268348107
18.129491996765136,4.353192529678345,68.88149597167968,43.31969363872822,2.226453084212083,205.46619708721454
18.08010513305664,4.298924465179443,68.90590278625488,43.43529745248648,2.281059741973877,205.77118624173679
18.104579277038575,4.298744878768921,69.02917129516601,43.518530919001655,2.2260482769746046,206.46240938626804
18.109909858703613,4.332013721466065,68.88947937011719,43.596704923189606,2.326845957682683,206.34929011418268
18.055786514282225,4.2814930820465085,68.87146591186523,43.18466069148137,2.218623702342694,204.83017906775842
18.07712760925293,4.345458054542542,68.6583472442627,43.031419900747444,2.2421370653005748,203.9464087853065
18.006066513061523,4.278799605369568,68.63633323669434,42.991265517014725,2.1458670451090884,204.22698974609375
18.062078132629395,4.3354266738891605,68.63325637817383,43.427997882549576,2.087448936242324,206.7027364877554
18.00085636138916,4.244396514892578,68.78229797363281,43.27623543372521,2.138471190746014,205.6888169508714
18.007581253051757,4.2864297580718995,68.60575744628906,43.03419846754808,2.24132606616387,203.964357816256
17.97477436065674,4.2199866533279415,68.77393814086913,43.41205156766451,2.2570144213162937,205.77517934945914
17.91805507659912,4.21939724445343,68.49328842163087,43.57787234966572,2.1122905841240516,207.32789963942307
17.979372062683105,4.290985727310181,68.44193115234376,43.59261674147386,2.133041840333205,207.29787269005408
17.941082496643066,4.240895266532898,68.5009351348877,43.22653403648963,2.1399998389757595,205.4326676588792
17.938073806762695,4.207096252441406,68.65488639831543,42.954426985520584,2.140161239183866,204.07132779634915
17.967369346618653,4.296011023521423,68.35679084777831,43.12488203782301,2.146364157016461,204.89258751502405
17.893573989868162,4.19827317237854,68.47650344848633,42.96517093365009,2.140439436985896,204.1236537053035
17.883621635437013,4.237271375656128,68.23174987792969,43.07674818772536,2.202802428832421,204.36972398024338
17.90907501220703,4.2283327007293705,68.40371124267578,43.13805741530199,2.1971488365760217,204.70453702486478
17.90378677368164,4.220072093009949,68.41857223510742,43.038468874417816,2.1059177196942844,204.66275259164664
17.89808120727539,4.24165605545044,68.28212539672852,42.986529717078575,2.2053430263812723,203.9059319129357
17.950287055969238,4.216510376930237,68.66888343811036,43.163716536301834,2.1360098031850963,205.1385298508864
17.860260200500488,4.17361581325531,68.43322059631348,43.30963839017428,2.055816787939805,206.26910635141226
17.83153835296631,4.224179801940918,68.03679153442383,42.90940152681791,2.197209990941561,203.56095299353967
17.768466262817384,4.177728357315064,67.95368850708007,43.07681479820838,2.100345308964069,204.88234299879807
17.791075706481934,4.1285376596450805,68.31268951416016,43.03684645432692,2.1070006902401266,204.64922626201923
17.77001640319824,4.210980644226074,67.79517784118653,43.04584943331205,2.1892293324837317,204.28309631347656
17.777404556274416,4.147379517555237,68.15012466430665,43.35618738027719,2.119133188174321,206.18526869553787
17.770333137512207,4.200728135108948,67.84802383422851,43.18631010789137,2.185952058205238,205.0017864520733
17.738685455322265,4.133848314285278,68.0241845703125,42.96351887629582,2.0879547595977783,204.37781583345853
17.76785255432129,4.1349744653701785,68.16438858032227,43.123901954064,2.2770562171936035,204.2342247596154
17.721334762573242,4.136349673271179,67.9249242401123,43.11663818359375,2.3429842637135434,203.8682661790114
17.757188186645507,4.125843539237976,68.15672302246094,43.051526876596306,2.188339948654175,204.31593322753906
17.758993034362792,4.184153161048889,67.87419845581054,43.18646416297326,2.1064872925098124,205.3998776949369
17.76475170135498,4.147316374778748,68.08717529296875,42.794969411996696,2.050140408369211,203.7241433950571
17.701815910339356,4.148064813613892,67.76875427246094,43.15491221501277,2.173348041681143,204.90781813401443
17.797387351989745,4.19423807144165,68.01574485778809,43.38370601947491,2.1472745491908145,206.1821512075571
17.751621017456056,4.1563922929763795,67.97614204406739,43.23506546020508,2.0506897431153517,205.921876173753
17.680960922241212,4.113468532562256,67.83746170043945,43.17695647019606,2.003194579711327,205.86880141038162
17.71211967468262,4.076857686042786,68.17630950927735,42.980235466590294,2.1324080320504994,204.2391322209285
17.72152317047119,4.129488272666931,67.96017318725586,42.90827296330379,2.0870834038807797,204.10594529371994
17.673595275878906,4.0784726285934445,67.97561218261718,42.84405752328726,2.120678507364713,203.61689054048978
17.667442016601562,4.117317681312561,67.7506201171875,42.25846950824444,2.132924639261686,200.62771841195914
17.610849838256836,4.094878497123719,67.57985572814941,43.01115681574895,2.080969003530649,204.65093876765326
17.6019612121582,4.087042016983032,67.57459533691406,42.36483295147236,2.166330630962665,200.99251028207632
17.62999210357666,4.09327552318573,67.68358215332032,42.94263135469877,2.0701833413197446,204.36223660982571
17.54154441833496,4.067449984550476,67.37047187805176,43.24778366088867,2.112593880066505,205.67594674917368
17.58557025909424,4.085256609916687,67.50156700134278,43.1005125779372,2.0730296556766215,205.13741126427283
17.572213134765626,4.05983187675476,67.56190536499024,42.75272604135367,2.1162838752453146,203.1822063739483
17.563674392700197,4.078142304420471,67.42765907287598,43.105235466590294,2.1107210379380446,204.97256704477164
17.597920684814454,4.072587447166443,67.62666473388671,42.91736280001127,2.014332312804002,204.51515080378607
17.525446281433105,4.034894380569458,67.45275901794433,42.81368989210863,2.1218757262596717,203.45906771146335
17.56462429046631,4.066418166160584,67.49102966308594,42.746511899507965,1.9816753405791063,203.82418236365686
17.53195266723633,4.0665155792236325,67.32718437194825,42.88979603694035,2.130807711527898,203.79493830754205
17.5691735458374,4.006392450332641,67.81390403747558,42.700947981614334,1.9982720613479614,203.51337491548978
17.566268348693846,4.0482581520080565,67.59005043029785,42.98251196054312,1.9953261338747466,204.93592247596155
17.51617328643799,4.025935382843017,67.45118865966796,43.05291278545673,2.043234164898212,205.0483891413762
17.498945121765136,4.040241961479187,67.29351470947266,42.84038719764123,2.110883731108445,203.64751375638522
17.504494400024413,4.037886266708374,67.3330403137207,42.981518085186295,2.093848650272076,204.43834040715143
17.476491813659667,4.01805317401886,67.2921923828125,43.18343265240009,2.0427016753416796,205.70364966759314
17.409287948608398,3.9753973197937014,67.16945205688477,42.95257773766151,2.059689026612502,204.46443997896634
17.465068283081056,3.989302077293396,67.37883056640625,42.98176662738506,2.057891983252305,204.61936833308295
17.442109146118163,4.000440063476563,67.20834434509277,42.70405021080604,2.072104729138888,203.15972900390625
17.463066482543944,3.994508023262024,67.34279220581055,42.96023060725285,2.0741070875754724,204.43061006986179
17.429258995056152,3.9478800201416018,67.40689414978027,42.89088645348182,2.062173770024226,204.14356173001804
17.389517517089843,4.02900963306427,66.80253784179688,42.81726778470553,2.1635453334221473,203.26860868013821
17.383784561157228,3.974728684425354,67.04527793884277,42.667664747971756,2.040598053198594,203.13533254770132
17.433027877807618,4.016051664352417,67.0848802947998,42.8596311715933,2.172170877456665,203.43729694073016
17.461816711425783,3.9907375383377075,67.35539512634277,42.78861383291391,2.0606960975206814,203.63958622859076
17.42760944366455,3.957338891029358,67.35135200500488,42.67268254206731,2.1192409075223484,202.76720369779147
17.371057929992677,3.97443708896637,66.98310234069824,42.563684903658356,2.0109759844266453,202.76353924091046
17.320909271240236,3.973630471229553,66.73639297485352,42.39443588256836,1.988542263324444,202.02946589543268
17.333385887145997,3.952581858634949,66.90401931762695,42.663565122164215,2.0280162004324107,203.17774024376502
17.382947883605958,3.9564333391189574,67.13257225036621,42.64628747793344,2.074121979566721,202.86082693246695
17.2687992477417,3.9280132102966308,66.70392929077148,42.682850470909706,2.058276258982145,203.12286376953125
17.2788618850708,3.9091730403900145,66.84844299316406,42.56447806725135,2.095363809512212,202.34556462214545
17.281058692932127,3.90013072013855,66.90463836669922,42.30766296386719,1.9640518243496234,201.71805044320914
17.330882949829103,3.970203366279602,66.80339668273926,42.42945304283729,1.9649902031971858,202.32230905386118
17.285506477355955,3.957250032424927,66.64128150939942,42.566746344933144,2.0637482679807224,202.5149888258714
17.247375087738035,3.8889391469955443,66.79217842102051,42.651458740234375,2.075598744245676,202.8792982835036
17.269845275878907,3.92479012966156,66.72527458190918,42.399850405179535,2.081107267966637,201.59371126615085
17.321565742492677,3.958992500305176,66.81286483764649,42.625785240760216,2.0444203431789694,202.90682044396033
17.288786354064943,3.9521991205215454,66.68293571472168,42.515485323392426,2.093223810195923,202.1113046499399
17.279772109985352,3.938491768836975,66.70640007019043,41.855482248159554,2.113540768623352,198.70970388559195
17.312898597717286,3.9015965175628664,67.05650924682617,42.6505361703726,2.0268768072128296,203.11829317533054
17.233035182952882,3.902785143852234,66.65124893188477,42.366712423471306,2.0413996439713697,201.62655757023737
17.21673999786377,3.8973738527297974,66.59682968139649,41.95593877939078,2.1278563829568715,199.14040785569412
17.160633239746094,3.855823488235474,66.52404762268067,42.11623265193059,2.156076348744906,199.800777728741
17.26086544036865,3.954997673034668,66.52933822631836,42.46622613760141,1.9840368215854352,202.41094149076022
17.218604850769044,3.888295783996582,66.65154411315918,42.41834171001728,2.0418706031946035,201.8823523888221
17.18323413848877,3.882123908996582,66.50555000305175,42.49313119741586,1.9651090181790865,202.64010737492487
17.15238857269287,3.853236222267151,66.49576072692871,42.49380522507887,2.0733887599064755,202.1020742563101
17.18098976135254,3.885017147064209,66.47986190795899,42.43554247342623,2.121323924798232,201.5710906982422
17.214599990844725,3.896932740211487,66.58833511352539,42.21481264554537,2.1000282764434814,200.57391944298377
17.10685173034668,3.8460652112960814,66.30393211364746,42.25163415762094,2.1474518592541036,200.52090806227463
17.14982666015625,3.863577346801758,66.43124580383301,42.40184754591722,2.057837027769822,201.72005169208234
17.204334335327147,3.902106294631958,66.511138381958,42.44110899705153,2.08412255690648,201.78492384690506
17.14067668914795,3.831278853416443,66.5469881439209,42.68441801804762,2.121755700844985,202.8133063683143
17.110853881835936,3.85537344455719,66.2774015045166,42.09124257014348,2.0446803844892063,200.23280686598557
17.06918426513672,3.87084454536438,65.9916975402832,42.52077425443209,2.108538086597736,202.06117600661057
17.081310539245607,3.84457718372345,66.18366554260254,42.068559206449066,1.9970352741388173,200.3576178917518
17.09500354766846,3.8121372938156126,66.41433044433593,42.088093977708084,2.046404159986056,200.20844327486478
17.07146068572998,3.827830181121826,66.21815071105956,42.178361452542816,1.9970294328836293,200.90665024977463
17.136671524047852,3.84907274723053,66.43799186706543,42.46916697575496,2.0986788731354933,201.8524369459886
17.053702583312987,3.838595862388611,66.0755322265625,42.3464854313777,2.0677439249478855,201.3937025803786
17.07350143432617,3.803576340675354,66.34962440490723,42.094007638784554,2.087506972826444,200.03249769944412
17.075473136901856,3.7871883869171143,66.4414225769043,41.99374771118164,1.9896957324101374,200.02025545560397
17.096952934265136,3.8816686201095583,66.0764208984375,42.08041733961839,2.045195066011869,200.17610990084134
17.012462005615234,3.832943663597107,65.8975904083252,42.29939915583684,2.121987196115347,200.8870567908654
17.060903244018554,3.8268922472000124,66.17005424499511,42.14917080218975,2.076242813697228,200.36463576096756
17.104434890747072,3.8327763175964353,66.35829238891601,41.81149321336012,2.0645339764081516,198.73479402982272
16.98664405822754,3.7877306365966796,65.99456573486329,41.98837837806115,2.055987000465393,199.66195091834436
16.99835615158081,3.819306960105896,65.89524551391601,41.879840263953575,2.082367282647353,198.98735868013821
16.993959312438964,3.7649105072021483,66.1452433013916,42.09356102576623,1.9800457129111657,200.56757413423978
16.932574195861818,3.7542183351516725,65.89177764892578,42.042396838848404,2.0297519793877234,200.06322068434494
16.97479642868042,3.774975519180298,65.99910377502441,41.907169342041016,2.0391859733141384,199.3399153489333
16.99953535079956,3.852679395675659,65.73427841186523,42.18702198908879,1.9817444361173189,201.0263894888071
16.96483362197876,3.7847816705703736,65.90025909423828,42.014204465425934,1.9899759109203632,200.12113600510818
16.97888042449951,3.7802992486953735,65.99290473937988,42.28250004695012,2.0531671964205227,201.14666161170373
16.974315185546875,3.791786580085754,65.91264297485351,41.942222595214844,2.035016655921936,199.53602482722357
16.972876014709474,3.772068266868591,66.0040372467041,41.8547242971567,2.022652607697707,199.16035344050482
